ID,Ime,Drzava,Datum_ustanovitve,Opis
0,07th Expansion,Japan,2002,
1,0verflow,Japan,1997,Visual Novel brand (both developer and publisher)
2,1-Up Studio,Japan,2000,Subsidiary of Nintendo. Formed by former employees of Square
3,11 bit studios,Poland,2010,Indie developer/publisher
4,1C Company,Russia,1991,"Game localization. The game development subsidiary, Snowball Studios [ru], was dissolved and former employees of the studios formed Snowbird Game Studios."
5,2K Czech,Czech Republic,1997,Former subsidiary of 2K Games; previously known as Illusion Softworks; closed in 2017 after merged into Hangar 13
6,2K Games,United States,2005,Developer/publisher/distributor/marketer; owned by Take-Two Interactive
7,2K Sports,United States,2005,Developer/publisher and subsidiary of 2K Games
8,343 Industries,United States,2009,"Subsidiary of Microsoft Studios, took over development for the Halo franchise from Bungie"
9,38 Studios,United States,2006,Defunct in 2012; their assets were acquired by THQ Nordic
10,3D Realms,United States,1987,
11,42 Entertainment,United States,1993,
12,4A Games,UkraineMalta,2005,They moved its headquarters from Ukraine to Malta; acquired by Embracer Group in 2020[1]
13,505 Games,Italy,2006,Publishing division of Digital Bros. group.
14,5pb.,Japan,2005,"Label of KID until 2006, and of Cyberfront since then."
15,5th Cell,United States,2003,
16,7th Level,United States,1993,Defunct in 1998.
17,989 Studios,United States,1995,Division of Sony Computer Entertainment America
18,A&F Software,UK,1981,Merged with MC Lothlorien in 1986 to become Icon Design Ltd.
19,ABC Software,Switzerland,1991,Acquired by Electronic Arts in 1998.
20,ACE Team,Chile,2007,
21,ADK,Japan,1980,Known as Alpha Denshi Corporation in 1993. Defunct in 2003.
22,AGEod,France,2005,Acquired by Paradox Interactive in 2009 and renamed to Paradox France. They became independent in 2012 and their games are now published by The Slitherine Group.
23,ALcot,Japan,2003,
24,ANALOG Software,United States,1981,Software publishing arm of ANALOG Computing. Defunct in 1989.
25,APF Electronics Inc.,United States,1970,Defunct in 1983.
26,AQ Interactive,Japan,2005,Merged into Marvelous Entertainment in 2011
27,ASC Games,United States,1992,Defunct in 2000.
28,ASCII Corporation,Japan,1977,Acquired by Kadokawa Group Holdings in 2004.
29,Aackosoft,Netherlands,1983,Defunct in 1988.
30,Aardvark Software,UK,1983,Defunct in 1989.
31,Absolute Entertainment,United States,1986,Defunct in 1995.
32,Access Games,Japan,2002,Subsidiary of Digital Media Lab [ja]
33,Access Software,United States,1982,Acquired by Microsoft
34,Acclaim Entertainment,United States,1987,Developer/Publisher; declared Bankruptcy August 2004
35,Acclaim Studios Austin,United States,1991,Acquired by Acclaim Entertainment in 1995
36,Accolade,United States,1984,"Former publisher and developer. Acquired by Atari, SA née Infogrames in 1999, name retired."
37,Aces Studio,United States,,Acquired by Microsoft
38,Acornsoft,UK,1980,Rights sold to Superior Software in 1986.
39,Acquire,Japan,1994,Developer/publisher; acquired by GungHo Online Entertainment
40,Action Forms,Ukraine,1995,Their main employees moved to Tatem Games
41,Active Gaming Media,Japan,2006,"Game localization, debugging/testing, international indie game distribution, publishing"
42,Active Gaming Media AGM,Japan,2006,"PLAYISM part of Active Gaming Media Inc., focuses on the localization and distribution of video games."
43,Activision,United States,1979,Also video game publisher; acquired several other developers; merged with Vivendi to form Activision Blizzard in 2008
44,Activision Blizzard,United States,2008,Formed by merger between Activision and Vivendi Games in 2008.
45,Addictive Games,UK,1982,"Acquired by Prism Leisure Corporation in 1987, which continued to use the Addictive Games label until 1992."
46,Adventure International,United States,1978,Defunct in 1985.
47,Adventure Soft,United Kingdom,1992,"The development company is now defunct but the publishing company, Adventure Soft Publishing, is still active."
48,Affect,Japan,1990,Defunct in 2008.
49,Agatsuma Entertainment,Japan,1997,Defunct in 2016.
50,Agetec,United States,1998,Focuses on distributing Japanese titles in the US.
51,Akabeisoft2,Japan,2005,
52,Akella,Russia,1995,Defunct in 2012
53,Aksys,United States,2006,
54,Akupara Games,United States,2016,"Also a video game developer, and does work for hire console and mobile porting."
55,Alawar,Russia,1999,"Also a video game developer, marketer, and distributor."
56,Alchemist,Japan,1991,Defunct in 2016.
57,Alfa System,Japan,1988,
58,AliceSoft,Japan,1989,
59,Alligata,UK,1983,Acquired by Superior Software in 1987.
60,Allumer,Japan,1983,Defunct in 1999.
61,AlphaDream,Japan,2000,Defunct in 2019
62,Alten8,UK,2005,Also a video game developer.
63,Alternative Software,UK,1985,
64,Amazon Game Studios,United States,2012,Subsidiary of Amazon.com
65,"Amazon Game Studios, Orange County (formerly Double Helix Games)",United States,2007,acquired by Amazon and incorporated in Amazon Game Studios
66,Ambrella,Japan,1996,
67,American Game Cartridges,United States,1990,Defunct in 1994.
68,American Laser Games,United States,1989,"Acquired by its former division, Her Interactive, in 1999."
69,American Video Entertainment,United States,1990,Published last game in 1994.
70,Amplitude Studios,France,2011,Acquired by Sega in 2016 and their games are now published by Sega.
71,Amsoft,UK,1984,Publishing arm of Amstrad until 1989.
72,Amusement Vision,Japan,2000,Subsidiary of Sega
73,Ancient,Japan,1990,
74,Anino,Philippines,2001,
75,Ankama Games,France,2001,
76,Antic Software,United States,1982,Software publishing arm of Antic. Defunct in 1990.
77,Anuman,France,2000,Also a video game developer.
78,Apogee Software,United States,2008,Also a video game developer.
79,Apple Inc.,United States,1976,Known as Apple Computer until 2007.
80,Appy Entertainment,United States,2008,
81,Aquaplus,Japan,1994,
82,Aquria,Japan,2002,
83,Arc System Works,Japan,1988,Developer/publisher
84,Arcadia Systems,United States,1987,Division of Mastertronic. Defunct in 1991.
85,Arcane Kids,United States,2010,
86,Arcen Games,United States,2009,
87,ArenaNet,United States,2000,Subsidiary of NCSoft
88,Argus Press,UK,1966,"Published games through its Argus Press Software division, which was acquired in 1987 and renamed Grandslam Entertainment."
89,Arika,Japan,1995,
90,Ariolasoft,Germany,1983,Software publishing arm of Ariola Records. Reestablished as United Software in 1990.
91,Arkane Studios,France,1999,Subsidiary of ZeniMax Media
92,Arkedo Studio,France,2006,Defunct in 2013
93,Armor Games,United States,2005,"Published flash titles before branching out into mobile, PC, and console markets."
94,Arsys Software,Japan,1985,Defunct in 2001.
95,"Art Co., Ltd",Japan,1995,
96,Artdink,Japan,1986,
97,ArtePiazza,Japan,1989,
98,Artech Digital Entertainment,Canada,1982,Defunct in 2011.
99,Artic Computing,UK,1980,Defunct in 1986.
100,Artificial Studios,United States,2001,Subsumed by Ignition Entertainment which was defunct in 2012
101,Artoon,Japan,1999,Subsidiary of AQ Interactive; defunct in 2010
102,Arush Entertainment,United States,1999,Acquired by HIP Interactive in 2004; defunct in 2005.
103,Arxel Tribe,Slovenia,1989,Last game published in 2003.
104,Arzest,Japan,2010,Formed by former employees of Artoon
105,Ascaron,Germany,1989,Developer/publisher; closed in 2009
106,Asmik Corporation of America,Japan,1985,Merged with Ace Entertainment.
107,Asobo Studio,France,2002,
108,Aspyr Media,United States,1996,Specializes in porting Windows games to Mac OS.
109,Astragon,Germany,2000,
110,Atari Corp.,United States,1984,"Founded as Tramel Technology, Ltd. in 1984; acquired Atari name shortly thereafter. Reverse-merged with JMS Inc. in 1996."
111,Atari Games,United States,1984,"Also published console games under the Tengen label. Subsidiary of Time Warner until acquisition by WMS Industries in 1996, which spun it off as a subsidiary of Midway Games in 1998; renamed to Midway Games West at the same time. Dissolved in 2003."
112,Atari Interactive (formerly Hasbro Interactive),United States,1995,Acquired by Infogrames in 2001
113,"Atari, Inc",United States,1972,"Bought by Warner Bros. in 1976. Closed in 1984, assets split between Atari Corporation and Atari Games."
114,"Atari, SA",France,2003,"Formerly GT Interactive Software, became full subsidiary of Atari, SA in 2008."
115,Athena,Japan,1987,No longer publishes video games.
116,Atlantis Software,UK,1984,Defunct in 1992.
117,Atlus,Japan,1986,Developer/publisher; acquired by Sega in 2013
118,Atomic Planet Entertainment,United Kingdom,2000,Closed in 2009
119,Attic Entertainment Software,Germany,1990,Developer/publisher; defunct in 2001
120,Audiogenic Limited,UK,1975,Defunct in 1985; reformed as Audiogenic Software Ltd.
121,August,Japan,2001,
122,Auran Development,Australia,1995,Now known as N3V Games.
123,Automata UK,UK,1977,Defunct in 1985.
124,Autumn Games,United States,2007,Focused on providing publishing services for independent developers for digital platforms.
125,Avalanche Studios Group,Sweden,2003,Acquired by Nordisk Film in 2018
126,Avalon Hill,United States,1954,Acquired by Hasbro in 1998.
127,Aventuras AD,Spain,1987,Defunct in 1992.
128,Aventurine SA,Greece,2002,
129,B.B. Studio,Japan,1994,Formerly known as Banpre Kikaku and Banpresoft; Subsidiary of Bandai Namco Entertainment
130,BAM! Entertainment,United States,1999,Dormant since 2004.
131,BBC Multimedia,UK,1995,Defunct in 2005.
132,Babaroga,United States,2001,
133,Backflip Studios,United States,2009,Subsidiary of Hasbro; closed in 2019[2]
134,Bandai Games,Japan,1950,Video game operations merged with Namco as Namco Bandai Games. No longer publishes video games.
135,Bandai Namco Entertainment,Japan,1955,
136,Bandai Namco EntertainmentBandai Namco Studios,Japan,19552012,Bandai Namco Entertainment is a subsidiary of Bandai Namco Holdings; Bandai Namco Studios was split off from Bandai Namco Entertainment in 2012
137,Banpresto,Japan,1977,Acquired by Namco Bandai Holdings. No longer publishes video games.
138,Bauhaus Entertainment,Japan,2006,Division of Imagica DigitalScape [ja]
139,Beagle Bros,United States,1980,Defunct in 1991.
140,Beenox,Canada,2000,"Acquired by Activision on May 25, 2005"
141,Behaviour Interactive,Canada,1992,
142,Behaviour Santiago,Chile,2002,Subsidiary of Behaviour Interactive; closed in 2017
143,Bend Studio,United States,"1993 (Founded as Blank, Berlyn and Co., later Eidetic)","Founded by Blank, Berlyn and Co. and Eidetic, acquired by Sony Interactive Entertainment as a part of SIE Worldwide Studios in 2000."
144,Bergsala Lightweight,Japan,1995,
145,Berkeley Systems,United States,1987,Acquired by Sierra in 1997. Defunct in 2000.
146,Best Way,Ukraine,1991,
147,Bethesda Game Studios,United States,2001,In-house development team of Bethesda Softworks LLC
148,Bethesda Softworks,United States,1986,Also a video game developer. Acquired by Microsoft in 2020.
149,Beyond Software,United Kingdom,1983,Acquired by Telecomsoft in 1985.
150,Big Blue Bubble,Canada,2004,Acquired by Enad Global 7 in 2020.[3]
151,Big Finish Games,United States,2007,
152,Big Fish Games,United States,2002,Acquired by Aristocrat Technologies in 2018
153,Big Five Software,United States,1980,Defunct in 1984.
154,Big Huge Games,United States,2000,Acquired by Nexon in 2016
155,BioWare,Canada,1995,Acquired by Electronic Arts in 2007
156,Bits Studios,United Kingdom,1991,Acquired by PlayWize in 2008
157,Bizarre Creations,United Kingdom,1994,Defunct in 2011
158,Black Bean Games,Italy,2004,Merged with Milestone S.r.l. in 2012.
159,Black Forest Games,Germany,2012,Acquired by THQ Nordic in 2017
160,Black Isle Studios,United States,1996,Subsidiary of Interplay Entertainment; closed in 2003
161,Black Legend,UK,1993,Defunct in 1996.
162,Black Rock Studio,United Kingdom,1998,Defunct in 2011
163,Black Wing Foundation,Ukraine,2006,
164,Blitz Games Studios,United Kingdom,1990,Liquidated[7]
165,Blizzard Entertainment,United States,1991,Developer/publisher; acquired by Vivendi and became part of Vivendi Games group in 1998; merged into Activision Blizzard in 2008
166,Bloober Team,Poland,2008,
167,Blue Byte,Germany,1988,Also a video game developer. Acquired by Ubisoft and their games are now published by Ubisoft.
168,Blue Fang Games,United States,1998,Shut down in 2011
169,Blue Ribbon,UK,1985,Label of CDS Micro Systems. Defunct in 1991.
170,Blue Tongue Entertainment,Australia,1995,Shut down in 2011; subsidiary of THQ
171,Bluehole,South Korea,2007,
172,Bluepoint Games,United States,2006,
173,Blueside,South Korea,2003,Founded by former employees of Phantagram
174,Bohemia Interactive,Czech Republic,1999,
175,Boss Fight Entertainment,United States,2013,
176,Boss Key Productions,United States,2014,Founded by Cliff Bleszinski and Arjan Brussee
177,"Box Office, Inc.",United States,1987,Published last game in 1989.
178,Brash Entertainment,United States,2007,Defunct in 2008.
179,BreakAway Games,United States,1998,
180,Broccoli,Japan,1994,
181,Broderbund,United States,1980,"Acquired by Ubisoft, eventually sold to The Learning Company. No longer publishes video games."
182,Brøderbund,United States,1980,Closed in 1998
183,Bubble Bus Software,UK,1982,Defunct in 1989.
184,BudgeCo,United States,1981,Defunct in 1983.
185,Bug-Byte,UK,1980,
186,Bugbear Entertainment,Finland,2000,Acquired by THQ Nordic in 2018
187,Bullet-Proof Software,Japan,1980,Defunct.
188,Bullfrog Productions,United Kingdom,1987,Acquired by Electronic Arts in 1995 and closed in 2001
189,Bungie,United States,1991,Formerly a subsidiary of Microsoft Game Studios
190,C&E,Taiwan,1990,No longer publishes video games.
191,CBS Electronics,United States,1982,Closed in 1984.
192,CCP Games,Iceland,1997,Their Newcastle studio was acquired by Sumo Digital. CCP Games itself was acquired by Pearl Abyss.
193,CD Projekt Red,Poland,2002,Game development studio of CD Projekt
194,CDS Software,UK,1982,Reformed as iDigicon Ltd in 2002.
195,CDV Software Entertainment AG,Germany,1989,Defunct in 2010.
196,CI Games,Poland,2002,Also a video game developer. Also known as City Interactive.
197,CRL Group,UK,1982,Published last game in 1989.
198,California Dreams,United States,1987,Publishing label of Logical Design Works. Defunct in 1991.
199,California Pacific Computer Company,United States,1979,Defunct in 1983.
200,Camelot Software Planning,Japan,1990,
201,Camerica,Illinois,1988,
202,Canal+ Multimedia,France,1984,Publishing arm of the Canal+ Group. No longer publishes video games.
203,Candy Soft,Japan,1996,
204,Capcom,Japan,1979,Developer/publisher
205,Capcom Vancouver,Canada,2005,"Founded as Blue Castle Games; acquired by Capcom in 2010; closed on September 18, 2018"
206,Capstone Software,United States,1984,Subsidiary of IntraCorp. Defunct in 1996.
207,Caramel Box,Japan,2002,Division of HOBIBOX. Formerly known as HimeyaSoft.
208,Carbine Studios,United States,2005,Subsidiary of NCSoft
209,Carry Lab,Japan,1981,Defunct.
210,Casady & Greene,United States,1984,Defunct in 2003.
211,Cases Computer Simulations,UK,1982,Published last game in 1994.
212,Cattle Call,Japan,1998,Formed by former employees of Data East
213,Cauldron,Slovakia,1996,Their assets were acquired by Bohemia Interactive[8]
214,Cave,Japan,1994,
215,Cavia,Japan,2000,
216,Centuri,United States,1969,Known as Allied Leisure until 1980. Defunct in 1985.
217,Certain Affinity,United States,2006,Co-developed the Halo series
218,Chair Entertainment,United States,2005,Subsidiary of Epic Games
219,ChessBase,Germany,1986,
220,Chunsoft,Japan,1984,Merged with Spike to become Spike Chunsoft in 2012
221,Cinematronics,United States,1975,Acquired by Tradewest in 1987 and renamed to Leland Corporation.
222,Cinemaware,United States,1985,Defunct in 1991. Reestablished as Cinemaware Inc. in 2000.
223,Cinemax,Czech Republic,1998,
224,Cing,Japan,1999,
225,Circus,Japan,2000,
226,Clap Hanz,Japan,1998,
227,Climax Entertainment,Japan,1990,
228,Climax Studios,United Kingdom,1988,
229,Clover Studio,Japan,2004,Subsidiary of Capcom; became defunct in 2007.
230,Club Kidsoft,United States,1992,Defunct.
231,Coded Illusions,Netherlands,2005,
232,Codemasters,United Kingdom,1985,Former subsidiary of Reliance Entertainment; developer/publisher
233,Coffee Stain Studios,Sweden,2010,Acquired by THQ Nordic AB (latterly Embracer Group) in 2018
234,Cohort Studios,United Kingdom,2006,
235,Coktel Vision,France,1985,Former publisher
236,Coleco,United States,1932,"Also a video game console (ColecoVision and Telstar) and video game developer. Revived in 2005, after being defunct since 1988."
237,Color Dreams,United States,1988,Also a video game developer.
238,Colossal Order,Finland,2009,Developer for Paradox Interactive
239,CommaVid,United States,1981,Defunct in 1983.
240,Commercial Data Systems,Canada,1982,Exited the video game industry in 1990.
241,Commodore,United States,1954,Defunct in 1994.
242,Compile,Japan,1982,Defunct in 2003.
243,Compile Heart,Japan,2006,Developer/publisher; subsidiary of Idea Factory
244,CompuServe,United States,1969,Defunct in 2009.
245,Compulsion Games,Canada,2009,Acquired by Microsoft Studios in 2018
246,Computer and Video Games,UK,1981,"Label of Future Publishing. Also known C&VG, CVG, or C+VG. Defunct in 2004."
247,Conspiracy Entertainment,United States,1997,Also a video game developer.
248,Core Design,United Kingdom,1988,Subsidiary of Eidos Interactive; closed down in 2006
249,Cosmi Corporation,United States,1982,
250,Crafts & Meister,Japan,2004,
251,Crave Entertainment,United States,1997,
252,Crawfish Interactive,United Kingdom,1997,Defunct in 2002
253,Crea-Tech,Japan,1988,
254,Creat Studios,United States,1990,
255,Creative Assembly,United Kingdom,1987,Acquired by Sega in 2005
256,Creative Computing,United States,1974,Defunct in 1985.
257,Creatures,Japan,1995,
258,Crimson Cow,Germany,2002,
259,Criterion Games,United Kingdom,1993,Subsidiary of Electronic Arts
260,Cronosoft,UK,2002,
261,Croteam,Croatia,1993,
262,Cryo Interactive,France,1992,Bankrupt in 2002
263,Cryptic Studios,United States,2000,Subsidiary of Perfect World
264,Crystal Computing,UK,1982,Reestablished as Design Design in 1984.
265,Crystal Dynamics,United States,1992,Acquired by Square Enix in 2009
266,Crytek,Germany,1999,
267,Crytek UK,United Kingdom,1999,Founded as Free Radical Design; acquired by Crytek in 2009; defunct in 2014
268,Culture Brain Excel,Japan,1980,
269,Cyan Worlds,United States,1987,
270,Cyanide,France,2000,Acquired by Bigben Interactive (latterly Nacon) in 2018
271,CyberConnect2,Japan,1996,
272,CyberStep,Japan,2000,Developer/publisher of global online games
273,Cyberdreams,United States,1990,Defunct in 1997.
274,Cyberlore Studios (Blueline Simulations[9]),United States,1992,Developer of computer games
275,Cybersoft,Florida,1994,Label of GameTek. Last game published in 1995.
276,Cygames,Japan,2011,Subsidiary of CyberAgent
277,D3 Publisher,Japan,1996,
278,DK'Tronics,UK,1981,Defunct in 1993.
279,DROsoft,Spain,1986,Acquired by Electronic Arts in 1994.
280,Daedalic Entertainment,Germany,2007,
281,Dambuster Studios,United Kingdom,2014,Formed by former employees of Crytek UK; acquired by Koch Media in 2014 and managed by its Deep Silver division
282,Danger Close Games,United States,1995,Subsidiary of Electronic Arts; defunct in 2013
283,DarXabre,The Netherlands,2001,Defunct.
284,Data Age,United States,1982,Defunct in 1983.
285,Data Becker,Germany,1980,Defunct in 2014.
286,Data East,Japan,1976,
287,Datam Polystar,Japan,1990,No longer publishes video games.
288,Datamost,United States,1981,Defunct in 1985.
289,Datasoft,United States,1980,Reformed as IntelliCreations in 1987.
290,Davidson & Associates,United States,1983,Acquired by CUC International in 1996. Defunct in 1999.
291,Davilex Games,The Netherlands,1997,Ceased publishing video games in 2005.
292,Davka,United States,1982,No longer publishes video games.
293,Day 1 Studios,United States,2001,Merged with WarGaming[10]
294,Daybreak Game Company,United States,1997,Acquired by Enad Global 7 in 2020.[11]
295,DeNA,Japan,1999,
296,Deadline Games,Denmark,1996,
297,Deck13,Germany,2001,Acquired by Focus Home Interactive in 2020.[12]
298,Deep Silver,Germany,2002,Label of Koch Media. Purchased video game developer Volition and the Metro franchise from THQ in 2013. Acquired by THQ Nordic in 2018.
299,Deep Silver Volition,United States,1996,Acquired by Koch Media in 2013 and managed by its Deep Silver division
300,Delphine Software International,France,1988,Defunct in 2004.
301,Delta 4,UK,1984,Defunct in 1992.
302,Demiurge Studios,United States,2002,acquired by Sega in 2015
303,Destination Software,United States,2001,Used the label DSI Games. Acquired by GreenScreen Interactive Software in 2008.
304,Destineer,United States,2000,"Also a video game developer. Publishes under the Bold Games, MacSoft, and Atomic Games labels."
305,Developer House (Developer House Technology PVT LTD)[13],India,2015,
306,Devolver Digital,United States,2008,
307,Dhruva Interactive,India,1997,Acquired by Starbreeze Studios in 2016 and then they were acquired by Rockstar Games and were merged into Rockstar India in 2019
308,Die Gute Fabrik,Denmark,2006,
309,Digital Eclipse,United States,1992,Division of Other Ocean Group[14]
310,Digital Extremes,Canada,1993,"Subsidiary of Leyou; Founded by James Schmalz, co-creator of Unreal series."
311,Digital Fantasia,UK,1982,Ceased publishing in 1983; defunct in 1991.
312,Digital Integration,UK,1982,Acquired by Titus Interactive in 1998; defunct in 2005.
313,Digital Jesters,UK,2003,Defunct in 2006.
314,Digital Leisure,Canada,1997,
315,Digital Pictures,United States,1991,Defunct in 1996.
316,Digital Reality,Hungary,1991,Defunct in 2013; their assets were acquired by Nordic Games[15]
317,Digitalmindsoft,Germany,2006,
318,Dimps,Japan,2000,
319,Dinamic Multimedia,Spain,1993,Defunct in 2001.
320,Dinamic Software,Spain,1983,Also a video game developer. Defunct in 1992.
321,Disney Interactive Studios,United States,1988,Publisher and subsidiary of The Walt Disney Company; closed in 2016
322,Domark,UK,1984,"Merged with Big Red Software, Simis, and Eidos Technologies to form Eidos Interactive in 1996."
323,Dontnod Entertainment,France,2008,
324,DotEmu,France,2007,
325,Double Fine,US,2000,Acquired by Microsoft in 2019
326,Double Fine Productions,United States,2000,Founded by former employees of LucasArts; acquired by Microsoft in 2019
327,Dovetail Games,United Kingdom,2008,
328,Dragon Data,UK,1980,Division of Mettoy. Defunct in 1984.
329,DreamCatcher Games,Canada,1996,Acquired by JoWooD Productions. Folded into Nordic Games in 2011.
330,DreamWorks Interactive,United States,1995,Joint venture between DreamWorks and Microsoft. Acquired by Electronic Arts in 2000.
331,Dtp entertainment,Germany,1995,
332,Durell Software,UK,1983,Exited the video game industry in 1987.
333,Dynamic Planning,Japan,1974,Also known as Dynamic Kikaku. No longer publishes video games.
334,Dynamix,United States,1984,Closed in 2001
335,EA Black Box,Canada,1998,Subsidiary of Electronic Arts; closed in 2013
336,EA Digital Illusions CE (EA DICE),Sweden,1992,Acquired by Electronic Arts in 2004
337,EA Gothenburg,Sweden,2011,Subsidiary of Electronic Arts
338,EA Vancouver (formerly Distinctive Software),Canada,1982,Acquired by Electronic Arts in 1991
339,ELF Corporation,Japan,1989,Defunct in 2015.
340,ERE Informatique,France,1981,Acquired by Infogrames in 1987.
341,ESA (formerly Softmax),South Korea,1994,ESA left from game business. The former employees formed Studio 4Leaf and the studio was acquired by NextFloor [ko].[16]
342,EasyGameStation,Japan,2001,
343,Eat Sleep Play,United States,2007,Defunct in 2017
344,Ecole Software,Japan,1989,No longer publishes video games.
345,Eden Games,France,1998,Former subsidiary of Atari SA
346,Edge Games,United States,1990,
347,Edu-Ware,United States,1979,Defunct in 1985.
348,Egosoft,Germany,1988,
349,Eighting,Japan,1993,Acquired by COLOPL
350,Eko Software,France,1999,Acquired by Bigben Interactive (latterly Nacon) in 2018
351,Electric Dreams Software,UK,1985,Defunct in 1989.
352,Electric Transit,United States,1985,Defunct in 1987.
353,Electro Brain,United States,1990,Defunct in 1998.
354,Electronic Arts,United States,1982,Developer/publisher/distributor
355,Electronic Arts Victor,Japan,1993,Joint venture of Electronic Arts and Victor Interactive. Defunct in 2003.
356,Elemental Games,Russia,1999,Defunct in 2015
357,Elite Systems,UK,1984,
358,Emerald Software,Ireland,1988,Defunct in 1991.
359,Empire Interactive,UK,1987,Defunct in 2009.
360,En Masse Entertainment,United States,2010,Subsidiary of Krafton Game Union; closed in 2020.[1]
361,"Encore, Inc.",United States,1994,"Acquired by Speed Commerce in 2002, WYNIT Distribution LLC in 2014. Encore acquired Viva Media."
362,Engine Software,Netherlands,1995,Also middleware developer
363,English Software,UK,1982,Defunct in 1987.
364,Enix,Japan,1975,Merged with Square as Square Enix.
365,Enlight Software,United States,1993,
366,Ensemble Studios,United States,1995,Former subsidiary of Microsoft Studios
367,Enterbrain,Japan,1987,Division of Kadokawa Corporation; its game business was merged into Kadokawa Games in 2009.
368,Entertainment Software Publishing,Japan,1997,"Also known as ESP. Acquired by D3 Publisher, which continued to use it as a label until 2010."
369,Eolith,South Korea,1996,Defunct in 2005.
370,Eon Digital Entertainment,UK,2000,Defunct in 2002.
371,Epic Games,United States,1991,"Developer, publisher, and distributor"
372,Epicenter Studios,United States,2007,
373,Epics,Japan,1987,
374,Epoch Co.,Japan,1958,No longer publishes video games.
375,Epyx,United States,1978,"Developer/publisher, defunct 1993"
376,Eugen Systems,France,2000,
377,Eurocom,United Kingdom,1988,
378,Europress,UK,1965,Acquired by Hasbro Interactive in 1999.
379,Eushully,Japan,1998,Team within Arkham Products until 2005; label of Eukleia since then.
380,Evolution Studios,United Kingdom,1999,Division of SIE Worldwide Studios and subsidiary of Sony Computer Entertainment; defunct in 2016
381,Examu,Japan,2007,Their business operations were suspended in 2020 and their business was taken over by Team Arcana.[17]
382,Exidy,United States,1974,Defunct in 1989.
383,Eyedentity Games,South Korea,2007,Acquired by Shanda Games (currently Shengqu Games) in 2010
384,F&C,Japan,1987,Known as Ides until 1997; published games under the FairyTale and Cocktail Soft labels until then.
385,F4,France,2002,
386,FASA,United States,1980,Ended video game development and publishing 2012
387,FASA Studio,United States,1994,defunct in 2007
388,FTL Games,United States,1982,Closed in 1982
389,FUN Labs,Romania,1999,
390,Fabtek,United States,1987,Defunct in 1999.
391,Facepunch Studios,United Kingdom,2009,
392,Fairchild Semiconductor,United States,1957,"Initially a division of Fairchild Camera and Instrument. Acquired by Schlumberger in 1979, then by National Semiconductor in 1987; regained independence in 1997; acquired by ON Semiconductor in 2016."
393,Family Soft,Japan,1987,
394,Fandom,,2004,
395,Fantasy Software,UK,1983,Defunct in 1985.
396,FarSight Studios,United States,1989,
397,Faster Than Light,UK,1986,Label of Gargoyle Games. Defunct in 1989.
398,Fathammer,Finland,2002,Acquired by Telcogames in 2006.
399,Fatshark,Sweden,2008,Subsidiary of Tencent
400,Felistella,Japan,2010,
401,Feral Interactive,UK,1999,Publishes Macintosh and Linux games
402,Fill-in-Cafe,Japan,1987,Known as Team Cross Wonder until 1989. Defunct in 1998.
403,Firaxis Games,United States,1996,Subsidiary of 2K Games; founded by former employees of MicroProse.
404,Firebird Software,UK,1983,Defunct in 1989 upon MicroProse's acquisition of Telecomsoft.
405,Firefly Studios,United Kingdom,1999,
406,Firesprite,United Kingdom,2012,Formed by former employees of Studio Liverpool
407,First Star Software,United States,1982,Defunct in 2018. Their name and assets were acquired by BBG Entertainment
408,Fisher Price,United States,1930,Acquired by Mattel in 1993. No longer publishes video games.
409,Fishtank Interactive,Germany,2000,Publishing Label of Ravensburger Interactive. Acquired alongside parent by JoWooD Productions in 2002.
410,Flagship Studios,United States,2003,Closed down in 2008
411,Flair Software,UK,1990,Last game published in 1999.
412,Flight-Plan,Japan,1989,Defunct in 2010
413,Flying Edge,United States,1992,Label of Acclaim Entertainment. Defunct in 1994.
414,Flying Wild Hog,Poland,2009,Acquired by Embracer Group in 2020.[18]
415,Focus Home Interactive,France,1996,
416,Focus Multimedia,UK,1995,
417,FormGen,United States,1987,Acquired by GT Interactive in 1996.
418,Foundation 9 Entertainment,United States,1992,Dissolved in 2016
419,Fox Digital Entertainment,United States,2002,"Subsidiary of 20th Century Studios. The company still exists, but 20th Century Fox's video game business was rearranged to FoxNext."
420,Fox Interactive,United States,1982,Also a video game developer. Acquired by Activision Blizzard.
421,FoxNext,United States,2017,Division of 20th Century Studios. The company still exists but their game development studios were acquired by Scopely in 2020.[19]
422,Freeverse Software,United States,1994,Acquired by Ngmoco in 2010.
423,French Bread,Japan,1998,Formerly known as Watanabe Seisakusho.
424,Frictional Games,Sweden,2001,
425,Froggo,California,1987,Defunct in 1989.
426,Frogwares,Ukraine,2000,
427,FromSoftware,Japan,1986,Subsidiary of Kadokawa Corporation
428,Front Wing,Japan,2000,
429,Frontier Developments,United Kingdom,1994,
430,Frozenbyte,Finland,2001,
431,FuRyu,Japan,2007,
432,Fujisankei Communications International,United States,1986,No longer publishes video games
433,Fujitsu,Japan,1935,No longer publishes video games.
434,Full On Games,Japan,1996,Also known as FOG.
435,Funcom,Norway,1993,Developer/publisher; acquired by Tencent in 2020[20]
436,Future Games,Czech Republic,1996,Defunct in 2011.
437,Futuremark,Finland,1997,Their game development division was acquired by Rovio Entertainment. Futuremark itself was acquired by UL and was merged into them.
438,Fuuki,Japan,1977,No longer publishes video games.
439,G-Collections,Nevada,2001,Acquired by JAST USA in 2005; defunct in 2015.
440,G.rev,Japan,2000,
441,GN Software,Japan,2003,Label of Good Navigate.
442,GOG Ltd,Poland,2008,Also a digital distribution service.
443,GSC Game World,Ukraine,1995,"Defunct in 2011, reopened in 2014"
444,GSC World Publishing,Ukraine,2004,
445,GT Interactive,United States,1993,"Acquired by Atari, SA née Infogrames."
446,GTE Interactive Media,United States,1990,Software publishing arm of GTE. Defunct in 1997.
447,Gaelco,Spain,1981,Dissolved in 2007
448,Gaijin Entertainment,Russia,2002,
449,Gaijinworks,United States,2006,
450,Gainax,Japan,1984,No longer publishes video games.
451,Gakken,Japan,1947,No longer publishes video games.
452,Game Arts,Japan,1985,Acquired by GungHo Online Entertainment in 2005.
453,Game Designers' Workshop,United States,1973,Defunct in 1996.
454,Game Freak,Japan,1989,
455,Game Park,South Korea,1996,Defunct in 2007.
456,Game Studio,Japan,1985,Defunct in 2015.
457,GameHouse,United States,1998,"Casual game developer, publisher and portal; acquired by RealNetworks"
458,GameTek,United States,1987,Publishing label of IJE. Defunct in 1998.
459,Gamecock,United States,2007,Acquired by SouthPeak Games.
460,Gameloft,France,1999,Subsidiary of Vivendi; developer/publisher of mobile games
461,Games Workshop,UK,1975,Ceased publishing video games in 1985.
462,Games by Apollo,United States,1981,Defunct in 1983.
463,Ganbarion,Japan,1999,
464,Gargoyle Games,UK,1983,Defunct in 1987.
465,Gathering of Developers,United States,1998,Acquired by Take Two Interactive in 2000; renamed to Gathering. Defunct in 2004.
466,Gearbox Software,United States,1999,
467,Gebelli Software,United States,1982,Defunct in 1984.
468,Geewa,Czech Republic,2005,
469,General Entertainment,Japan,1994,Defunct in 2011.
470,Genius Sonority,Japan,2002,
471,Genki,Japan,1990,Subsidiary of Daikoku Denki [ja]
472,Ghostlight,UK,2004,
473,Giga,Japan,1993,
474,Gizmondo,Sweden,2000,Known as Tiger Telematics until 2004. Defunct in 2006.
475,Global A Entertainment,Japan,1997,"Renamed to GAE, Inc. in 2009."
476,Global Star Software,Canada,1992,"Publishing label of Take-Two Interactive, name retired."
477,Global VR,United States,1998,
478,Glu Mobile,United States,2001,Developer and publisher of mobile games
479,Gogii Games,Canada,2006,Developer/publisher
480,Good-Feel,Japan,2005,Founded by former employees of Konami
481,Got Game Entertainment,United States,2002,
482,Gotham Games,United States,2002,Label of Take-Two Interactive. Defunct in 2003.
483,Gottlieb,United States,1927,Defunct in 1996.
484,Grandslam Entertainment,UK,1987,Defunct in 1995.
485,Granzella,Japan,2011,Founded by former Irem employees
486,Graphsim Entertainment,Texas,1992,Also known as Graphic Simulations.
487,Grasshopper Manufacture,Japan,1998,Founded by Suda51; acquired by GungHo Online Entertainment in 2013
488,Gravity,South Korea,2000,Acquired by GungHo Online Entertainment
489,Gray Matter Interactive,United States,1993,Merged into Treyarch in 2005
490,Great Wave Software,United States,1984,Defunct.
491,Gremlin Industries,United States,1973,Acquired by Bally in 1984.
492,Gremlin Interactive,United Kingdom,1984,Taken over by Infogrames in 1999 studio closed in 2003
493,Grezzo,Japan,2006,Second-party developer of Nintendo
494,Grinding Gear Games,New Zealand,2006,Acquired by Tencent
495,Griptonite Games,United States,1994,Acquired by Glu Mobile
496,Grolier Interactive Inc,United States,1982,Known as Grolier Electronic Publishing Inc until 1996. Acquired by Scholasttic in 1999.
497,Groove Games,Canada,2001,Defunct in 2009.
498,Guerrilla Cambridge,United Kingdom,"1997 (as SCE Cambridge Studio), 2013",Branch of Guerrilla Games and division of SIE Worldwide Studios; closed in 2017
499,Guerrilla Games,Netherlands,2000,Division of SIE Worldwide Studios since 2004
500,Gunfire Games,United States,2014,Formed by former employees of Vigil Games; acquired by THQ Nordic in 2019
501,GungHo Online Entertainment,Japan,1998,Developer/publisher
502,Gust,Japan,1993,Became a division of Koei Tecmo Games in 2014
503,Gust Co. Ltd.,Japan,1993,Acquired by Koei Tecmo in 2011 and their games are now published by Koei Tecmo.
504,HAL Laboratory,Japan,1980,Developer closely associated with Nintendo
505,HB Studios,Canada,2000,
506,Hacker International,Japan,1990,Defunct in 2001.
507,Haemimont Games,Bulgaria,1997,
508,Haikuo Soft,Japan,2001,
509,Halfbrick,Australia,2001,Mobile game developer/publisher
510,Hamster Corporation,Japan,1999,
511,Hanaho,United States,1992,
512,HanbitSoft,South Korea,1999,Acquired by T3 Entertainment.
513,Hangar 13,United States,2014,Subsidiary of 2K Games
514,Harebrained Schemes,United States,2011,Acquired by Paradox Interactive in 2018
515,Harmonix Music Systems,United States,1995,Former subsidiary of Viacom
516,Hasbro Interactive,United States,1995,"Assets acquired by Atari, SA née Infogrames in 2000, no staff retained"
517,HeR Interactive,United States,1995,Also a video game developer.
518,Headstrong Games,United Kingdom,2000,Subsidiary of Kuju Entertainment; defunct in 2017
519,Heartbeat,Japan,1992,
520,Hect,Japan,1988,Defunct in 2002.
521,HeroCraft,Russia,2001,
522,Heureka-Klett,Germany,1996,Defunct.
523,Hewson Consultants,UK,1981,Defunct in 1991.
524,Hi Tech Expressions,United States,1988,
525,High Impact Games,United States,2003,Founded by former employees of Insomniac Games & Naughty Dog
526,High Moon Studios,United States,2005,Subsidiary of Activision
527,High Voltage Software,United States,1993,
528,Hirameki,United States,2000,Ceased publishing video games in 2008.
529,Hodder & Stoughton,UK,1868,No longer publishes video games.
530,Home Entertainment Suppliers,Australia,1984,Also known as HES.
531,Hooksoft,Japan,2000,
532,HopeLab,United States,2001,
533,Hoplon Infotainment,Brazil,2004,
534,Hothead Games,Canada,2006,Founded by former employees of Radical Entertainment
535,Houghton Mifflin Harcourt,United States,1832,"Publishes games through its software division, Houghton Mifflin Harcourt Learning Technology, which was known as Riverdeep PLC until its acquisition of Houghton Mifflin in 2006, and then as Houghton Mifflin Riverdeep Group until 2007."
536,Housemarque,Finland,1995,
537,Hudson Soft,Japan,1973,Developer/publisher; acquired and dissolved by Konami
538,Human Engineered Software,United States,1980,Acquired by Avant Garde Publishing Corp. in 1984.
539,Human Entertainment,Japan,1983,
540,Human Head Studios,United States,1997,
541,Humble Bundle,US,2010,Acquired by IGN Entertainment
542,HummingBirdSoft,Japan,1982,Defunct.
543,Humongous Entertainment,United States,1992,Former subsidiary of Infogrames; closed in 2006; their assets and brand were acquired by Tommo and relaunched in 2013
544,Hyperion Entertainment,Belgium,1999,
545,IBM,United States,1911,
546,ICOM Simulations,United States,1981,"Acquired by Viacom New Media in 1993, reformed as Rabid Entertainment in 1997, and closed in 1998."
547,INTV Corporation,United States,1984,Defunct in 1990.
548,IO Interactive,Denmark,1998,"Subsidiary of Square Enix until 2017 when they dropped IO, they then became independent"
549,ITE Media,Denmark,1998,Software publishing arm of Interactive Television Entertainment. Acquired by NDS Group in 2006; defunct in 2010.
550,Ice-Pick Lodge,Russia,2002,
551,Iceberg Interactive,The Netherlands,2009,
552,Idea Factory,Japan,1994,Developer/publisher
553,Idol Minds,United States,1997,
554,Ignition Entertainment,UK,2002,Acquired by The Walt Disney Company
555,Illusion Soft,Japan,2001,
556,Image & Form,Sweden,1997,Subsidiary of Thunderful
557,Image Works,UK,1988,Label of Mirrorsoft. Last game published in 1991.
558,Imageepoch,Japan,2005,Defunct in 2016
559,Imagic,United States,1981,Also a video game developer.
560,Imagine Software,UK,1982,"Defunct in 1984; rights bought by Ocean Software, which continued to use the Imagine name as a label on some games."
561,Imagineer,Japan,1986,
562,Ime,Država,Datum ustanovitve,Opis
563,Impressions Games,United States,1989,Acquired by Sierra in 1995; defunct in 2004.
564,Incentive Software,UK,1983,Reformed as Superscape in 1992.
565,Incognito Entertainment,United States,1999,Formed by former employees of SingleTrac; subsidiary of SCE Worldwide Studios; defunct in 2009
566,Incredible Technologies,United States,1985,"Defunct in 2016; arcade game designer, arcade game manufacturer"
567,Infinity Ward,United States,2002,Acquired by Activision in 2003.
568,Infocom,United States,1979,Closed in 1989.
569,Infogrames,France,1983,"(Renamed Atari, SA)"
570,Innerloop Studios,Norway,1996,Defunct in 2003
571,Innerprise Software,United States,1989,Defunct in 1992.
572,Inscape,United States,1994,"Acquired by Graphix Zone in early 1997, which ceased operations in November 1997."
573,Insomniac Games,United States,1994,Acquired by Sony Interactive Entertainment in 2019 as a division of SIE Worldwide Studios
574,Intelligent Systems,Japan,1986,Developer closely associated with Nintendo
575,Intellivision Productions,United States,1997,
576,Interactive Magic,United States,1994,Changed name to iEntertainment Network in 1999.
577,Interceptor Micros,UK,1982,Also a video game developer. Defunct in 1992.
578,Interchannel,Japan,1931,Subsidiary of NEC until 2004. No longer publishes video games.
579,International Games System,Taiwan,1989,
580,Interplay Entertainment,United States,1983,Developer/publisher
581,Introversion Software,United Kingdom,2002,
582,Ion Storm,United States,1996,Shut down in 2001; subsidiary of Eidos Interactive
583,Ion Storm Austin,United States,1997,Shut down in 2005; subsidiary of Eidos Interactive
584,Irem,Japan,1974,Subsidiary of Eizo
585,Iron Galaxy Studios,United States,2008,
586,Iron Lore Entertainment,United States,2000,Defunct in 2008
587,Irrational Games,United States,1996,Subsidiary of 2K Games; defunct in 2017. Their main employees moved to Ghost Story Games.
588,Ivory Tower,France,2007,Subsidiary of Ubisoft;[21] founded by former employees of Eden Games
589,J.K. Greye Software,UK,1981,Reformed as J.K. Greye Enterprises Ltd in 1983.
590,JAST USA,United States,1996,
591,JV Games,United States,1999,
592,Jadestone Group,Sweden,2000,"Subsidiary of WMS Industries; Online game developer, mobile game developer"
593,Jagex,United Kingdom,2001,Subsidiary of Shanghai Fukong Interactive Entertainment (formerly Zhongji Holding); online game developer
594,Jaleco,Japan,1974,Acquired by Game Yarou in 2009 and defunct in 2014
595,Jam City,United States,2007,Subsidiary of Netmarble;[22] mobile game developer
596,Japan Studio,Japan,1993,Division of SIE Worldwide Studios
597,Javaground,United States,2001,Mobile game developer
598,Jester Interactive,UK,1997,
599,JoWooD Productions,Austria,1995,Folded into Nordic Games in 2011.
600,Johnson & Johnson,United States,1886,No longer publishes video games.
601,JumpStart Games (formerly Knowledge Adventure),United States,1989,Acquired by NetDragon Websoft.
602,Jupiter,Japan,1996,
603,K2 Network (Gamersfirst),United States,2001,"Merged with Reloaded Games. Reloaded Games no longer publishes games, and their publishing title is now published by GamersFirst.[3]"
604,KID,Japan,1988,Defunct in 2006.
605,KOG Studios,South Korea,2000,
606,KSS,Japan,1990,Exited the video game industry in 2001.
607,Kairosoft,Japan,1996,
608,Kalisto Entertainment,France,1990,"Label of Atreid Concept until 1996, when it became the name of the company as a whole. Defunct in 2002."
609,Kalypso Media,Germany,2006,Developer/publisher
610,Kaneko,Japan,1980,
611,Kaos Studios,United States,2006,Subsidiary of THQ
612,Kaypro,United States,1981,Defunct in 1992; reestablished in 1999; defunct again in 2001.
613,Keen Software House,Czech Republic,2010,
614,Kemco,Japan,1984,Also a video game developer.
615,Kesmai,United States,1981,Subsidiary of Electronic Arts; closed in 2001
616,Kiloo Games,Denmark,2000,Mobile game developer
617,King,Sweden,2003,Subsidiary of Activision Blizzard; Mobile game developer
618,King Games,Florida,2006,Label of Burger King used for a 2006 advergame promotion.
619,King Records,Japan,1931,No longer publishes video games.
620,Kingsoft,Germany,1983,Acquired by Electronic Arts in 1983; defunct in 2000.
621,Koch Media,Germany,1994,Bought by THQ Nordic February 2018
622,Kodansha,Japan,1938,No longer publishes video games.
623,Koei,Japan,1976,Also a video game developer. Merged into Tecmo Koei.
624,Koei Tecmo,Japan,2009,Changed name from Tecmo Koei in 2014.
625,Koei Tecmo Games (formerly Koei),Japan,1978,Developer/publisher; subsidiary of Koei Tecmo Holdings
626,Kogado Studio,Japan,1916,
627,Kojima Productions,Japan,2005,
628,Konami,Japan,1969,Developer/publisher
629,Kongzhong,China,2002,
630,Krisalis Software,UK,1987,Defunct in 2001.
631,Krome Studios,Australia,1999,Defunct
632,Krome Studios Melbourne,Australia,1988,Defunct
633,Kuju Entertainment,United Kingdom,1998,Subsidiary of Catalis SE
634,Kuma Reality Games,United States,2003,
635,Kunos Simulazioni,Italy,2005,Subsidiary of Digital Bros
636,Kure Software Koubou,Japan,1985,Also known as KSK.
637,Kush Games,United States,1998,
638,Kylotonn,France,2002,Acquired by Bigben Interactive (latterly Nacon) in 2018[23]
639,LJN,United States,1970,Acquired by Acclaim Entertainment.
640,LK Avalon,Poland,1989,
641,La'cryma,Japan,2006,
642,Lankhor,France,1987,Defunct in 2001.
643,Larian Studios,Belgium,1996,
644,Le Lombard,Belgium,1946,No longer publishes video games.
645,Legacy Interactive,United States,1998,
646,Legend Entertainment,United States,1989,Closed in 2004.
647,Legendo Entertainment,Sweden,2004,Developer/publisher
648,Lego Interactive,UK,1996,"Publishing arm of Lego Group. Known as Lego Media until 2000, and Lego Software from then until 2002. Defunct in 2005."
649,Leland Corporation,United States,1987,Renamed to Leland Interactive Media in 1993. Acquired by WMS Industries in 1994.
650,Level 9 Computing,UK,1981,Defunct in 1991.
651,Level-5,Japan,1998,Developer/publisher and founded by Akihiro Hino
652,Lift London,United Kingdom,2012,Subsidiary by Microsoft Studios in 2018
653,Lighthouse Interactive,The Netherlands,2005,Acquired by SilverBirch Inc. in 2008; defunct in 2009.
654,Limbic Entertainment,Germany,2002,
655,Limited Run Games,United States,2015,
656,Linden Lab,United States,1999,
657,Linux Game Publishing,UK,2001,inactive
658,Lionhead Studios,United Kingdom,1997,Closed by Microsoft Studios in 2016
659,Liquid Entertainment,United States,1999,Dissolved in 2018[24]
660,Little Green Men Games,Croatia,2006,
661,Llamasoft,United Kingdom,1982,
662,Lock 'n Load Publishing,US,2006,
663,Locomotive Games,United States,1997,Defunct in 2008
664,Logotron Ltd,UK,1987,Published last game in 1990.
665,Loki Software,United States,1998,
666,London Studio,United Kingdom,2002,Division of SIE Worldwide Studios
667,Looking Glass Studios,United States,1990,
668,Loriciel,France,1983,Defunct in 1995.
669,Love-de-Lic,Japan,1995,Formed by former employees of Square
670,LucasArts,United States,1982,"Publisher and former developer; closed as developer of April 3, 2013 by Disney"
671,Luma Arcade,South Africa,2006,Division of Luma Animation
672,Lump of Sugar,Japan,2005,
673,Luxoflux,United States,1998,
674,MAGES.,Japan,2005,Acquired by COLOPL in 2020.[25] Former subsidiary of Dwango.
675,MC Lothlorien,UK,1982,Defunct in 1990.
676,MC2 France,France,2003,Currently publishes under the Microids label.
677,MECC,United States,1973,Defunct in 1999.
678,MGM Interactive,United States,1995,Software publishing arm of Metro-Goldwyn-Meyer. Defunct in 2005.
679,MLB Advanced Media,United States,2000,
680,MOSS,Japan,1993,
681,MTO,Japan,1996,
682,MTV Games,United States,2006,
683,MacPlay,United States,1993,Label of Interplay until 1997. Revived in 2000 as a label of United Developers.
684,MacSoft,United States,1993,Acquired by Destineer in 2003.
685,MachineGames,Sweden,2009,Founded by former employees of Starbreeze Studios; acquired by ZeniMax Media in 2010
686,Mad Catz,United States,1989,Defunct in 2017.
687,Magenta Software,United Kingdom,1994,
688,Magical Company,Japan,1985,No longer publishes video games.
689,Magnavox,United States,1911,Also a video game developer. Acquired by Philips in 1974. Exited the video game industry in 1984.
690,Majesco Entertainment,United States,1986,"Defunct December 8, 2016"
691,Mandarin Software,UK,1988,Publishing label of Europress Software. Last game published in 1990.
692,MangaGamer,Japan,2009,
693,Martech,UK,1982,Ceased publishing video games in 1989.
694,Marvelous,Japan,1997,Developer/publisher
695,Marvelous Entertainment,Japan,1997,Merged with AQ Interactive in 2011 to become Marvelous AQL (later Marvelous).
696,Masaya,Japan,1985,"Label of NCS until 2014, and of Extreme since then."
697,Massive Entertainment,Sweden,1997,Founded in 1997; former subsidiary of Activision and acquired by Ubisoft in 2008
698,Mastertronic,UK,1983,"Merged with Virgin Interactive in 1988, and subsequently absorbed into Sega in 1991."
699,Masthead Studios,Bulgaria,2005,
700,Mastiff,California,2002,Also a video game developer.
701,Matrix Games,United States,2000,Merged into Slitherine Software in 2010 and their games are published by Slitherine.
702,Matrix Software,Japan,1994,
703,Mattel,United States,1945,Exited the video game business in 1984.
704,Max Design,Austria,1991,Defunct in 2004.
705,Maximum Games,United States,2009,Formerly Maximum Family Games
706,Maxis,United States,1987,Became a subsidiary of Electronic Arts in 1997
707,Mean Hamster Software,United States,1985,
708,Media Factory,Japan,1986,"Label of Recruit until 2011, and of Kadokawa Corporation since then. No longer publishes video games."
709,Media Molecule,United Kingdom,2006,Founded by former employees of Lionhead Studios; division of SIE Worldwide Studios since 2010
710,Media Rings,Japan,1989,Defunct in 2007.
711,Media.Vision,Japan,1993,
712,MediaWorks,Japan,1992,"Merged with ASCII Corporation in 2008 to become ASCII MediaWorks. In 2009, its game business was merged into Kadokawa Games."
713,Mediatonic,United Kingdom,2005,
714,Mega Enterprise,South Korea,1998,Defunct in 2007.
715,MegaZebra,Germany,2009,
716,Melbourne House,Australia,1977,Acquired by Krome Studios in 2006; closed in 2010.
717,Meldac,Japan,1990,No longer publishes video games.
718,Mercury Steam,Spain,2002,
719,"Metro3D, Inc.",United States,1998,Defunct in 2004.
720,Metropolis Software,Poland,1992,Studio was bought by CD Projekt in 2008 and closed in 2009.
721,Micro Genius,Taiwan,1989,Defunct in 1994.
722,Micro Power,UK,1980,Defunct in 1987.
723,MicroGraphic Image,United States,1983,Defunct in 1984.
724,MicroIllusions,United States,1987,Last game published in 1989.
725,MicroProse,United States,1982,"Acquired by Hasbro Interactive, name retired."
726,MicroProse Software,United States,1982,
727,Microcabin,Japan,1982,"Acquired by AQ Interactive in 2008, and by Fields Corporation in 2011."
728,Microdeal,UK,1981,Rights sold to HiSoft Systems in 1989.
729,Micrografx,United States,1982,Acquired by Corel in 2001.
730,Microids,France,1984,Also a video game developer. Subsidiary of Média-Participations.
731,"Micronet co., Ltd.",Japan,1982,No longer publishes video games.
732,Microsoft,United States,1975,Publishes games under the Xbox Game Studios banner since 2019. Also owns publisher Bethesda Softworks
733,Microsoft Casual Games,United States,2013,Subsidiary by Microsoft Studios
734,Microsphere,UK,1982,Defunct in 1987.
735,Midas Interactive Entertainment,UK,1999,Still sells old games but no longer publishes new games under the name.
736,Midway Games,United States,1988,As of 2012liquidation plan
737,Midway Manufacturing,United States,1958,Also a video game developer. Acquired by Bally in 1969; Bally/Midway was in turn acquired by Williams Electronics in 1987. Reformed as Midway Games in 1988.
738,Midway Studios – Newcastle,United Kingdom,1996,Defunct in 2009
739,Mikro-Gen,UK,1981,Acquired by Creative Sparks Distribution in 1987.
740,MileStone Inc.,Japan,2003,Closed in 2013.
741,Milestone,Japan,2003,
742,Milestone srl,Italy,1996,Acquired by Koch Media in 2019
743,Millennium Interactive,UK,1988,Acquired by Sony Interactive Entertainment in 1997.
744,Milton Bradley Company,United States,1860,Acquired by Hasbro in 1984. Defunct in 2009.
745,Mimimi Games,Germany,2011,
746,Minato Soft,Japan,2006,Also publishes under the Whale label.
747,Mindcraft,United States,1989,Last game published in 1993.
748,Mindscape,United States,1980,No longer publishes video games.
749,Minori,Japan,2001,Software division of CoMixWave until 2007.
750,Mirrorsoft,UK,1982,Acquired by Acclaim Entertainment in 1992.
751,Mistwalker,Japan,2004,
752,Mitchell Corporation,Japan,1960,
753,Mode 7 Games,United Kingdom,2005,Developer and publisher; publisher-only since 2019.
754,Mojang,Sweden,2009,Acquired by Microsoft in 2014.
755,Mojang AB,Sweden,2009,"Former Indie developer and publisher; acquired by Microsoft on September 15, 2014"
756,Monolith Productions,United States,1994,Acquired by Warner Bros. Interactive Entertainment in 2004
757,Monolith Soft,Japan,1999,Founded by Tetsuya Takahashi and former subsidiary of Namco; acquired by Nintendo as a first-party developer and subsidiary in 2007
758,Monster Games,United States,1996,
759,Monte Cristo,France,1995,Defunct in 2010
760,Moon Studios,Austria,2010,
761,Moonstone,Japan,2003,Also publishes under the Moonstone Cherry label.
762,Mosaic Publishing,UK,1983,Defunct in 1988.
763,Motown Games,United States,1994,Software publishing arm of Motown. Defunct in 1996.
764,Mountain King Studios,United States,1992,No longer publishes video games.
765,Mr Chip Software,UK,1982,Ceased publishing video games in 1984; changed name to Magnetic Fields in 1988.
766,Mud Duck Productions,United States,2002,Label of ZeniMax Media. Defunct in 2007.
767,MumboJumbo,United States,2001,
768,Muse Software,United States,1978,Also a video game developer.
769,Mystique,United States,1982,Offshoot of Caballero Control Corporation and American Multiple Industries. Defunct in 1983.
770,Mythic Entertainment,United States,1995,Acquired by Electronic Arts in 2006 and closed in 2014
771,NAPS team,Italy,1993,NAPS team is the oldest Italian development studio
772,NBCUniversal,New York City,2004,The game publishing division will be closed in 2019.[4]
773,NCSoft,South Korea,1997,Online game developer/publisher
774,NCsoft,South Korea,1997,
775,NDOORS Corporation,South Korea,1999,Developer/publisher; subsidiary of Nexon; merged into Nexon Red in 2017[26]
776,NDcube,Japan,2000,Subsidiary of Nintendo
777,NEC Corporation,Japan,1899,Exited the video game industry in 1998.
778,NTDEC,Taiwan,1983,Defunct in 1993.
779,Nacon (formerly Bigben Interactive SA),France,1981,
780,Nadeo,France,2000,Acquired by Ubisoft in 2009
781,Namco,Japan,1955,No longer publishes video games. Video game division merged with Bandai's video game operations as Namco Bandai Games.
782,Namco Tales Studio,Japan,1986,Originally it was division or subsidiary of Telenet Japan but it became a jointly-owned company of Namco and Telenet Japan
783,Nanobit,Croatia,2008,
784,Natsume,Japan,1987,
785,Natsume Co Ltd,Japan,1987,Renamed to Natsume-Atari in 2013 following merger with subsidiary Atari.
786,Natsume Inc,California,1988,Division of Natsume Co Ltd until 1995.
787,NaturalMotion,United Kingdom,2001,Acquired by Zynga
788,Naughty Dog,United States,1986,Division of SIE Worldwide Studios since 2001
789,Navel,Japan,2003,"Label of Omega Vision, Inc."
790,Naxat Soft,Japan,1988,Defunct in 2015.
791,Neko Entertainment,France,1998,Developer/publisher; defunct in 2017
792,Nerve Software,United States,1999,
793,NetDevil,United States,1997,
794,NetDragon Websoft,China,1999,
795,NetEase,China,1997,"Developer, publisher, and online services company"
796,Netdragon,China,1997,Also a video game developer.
797,Netease,China,1997,Also a video game developer and online services company.
798,NetherRealm Studios,United States,2010,Successor to Midway Games; Subsidiary of Warner Bros. Interactive Entertainment
799,Neverland,Japan,1993,
800,Neversoft,United States,1994,Acquired by Activision in 1999; merged into Infinity Ward in 2014
801,Nevosoft,Russia,2002,
802,New Generation Software,UK,1982,Defunct in 1986.
803,New World Computing,United States,1984,
804,New World Interactive,United States,2010,Acquired by Embracer Group in 2020[1]
805,NewKidCo,United States,1998,Defunct in 2005.
806,Nexon,South Korea,1994,Also a video game developer.
807,NexonNexon Korea,JapanSouth Korea,20021994,"Online video game developer, publisher and distributor; moved its headquarters from Korea to Japan."
808,Next Level Games,Canada,2002,
809,Niantic,United States,2010,
810,Nibris,Poland,2000,
811,Nicalis,United States,2007,Indie developer/publisher
812,Nihon Bussan,Japan,1970,A.K.A. Nichibutsu
813,Nihon Falcom,Japan,1981,Developer/publisher
814,Nikita Online,Russia,1991,
815,Nimble Giant Entertainment,Argentina,2002,Acquired by Embracer Group in 2020.[18]
816,Ninja Theory,United Kingdom,2000,Former Indie developer and publisher; acquired by Microsoft Studios in 2018
817,Ninjabee,United States,2005,Division of Wahoo Studios
818,Nintendo,Japan,1889,First-party developer/publisher/console manufacturer
819,Nippon Ichi Software,Japan,1991,Developer/publisher
820,Nitroplus,Japan,2000,
821,Nival,Russia,1996,
822,Nokia,Finland,1865,
823,Nordcurrent,Lithuania,2002,
824,Nordeus,Serbia,2009,Developer/publisher
825,NovaLogic,United States,1985,Their assets were acquired by THQ Nordic
826,Novagen Software,UK,1983,Defunct in 1992.
827,Novarama,Spain,2003,
828,Now Production,Japan,1986,
829,Nude Maker,Japan,2002,Formed by former employees of Human Entertainment
830,Nutting Associates,United States,1965,Defunct in 1976.
831,O3 Entertainment,United States,2001,
832,Obsidian Entertainment,United States,2004,Acquired by Microsoft Studios in 2018
833,Ocean Software,UK,1984,Acquired by Infogrames
834,Ocean State Publishing,United States,1990,Label of Rhode Island Soft Systems. Acquired by Freeze.com in 2003.
835,Oculus Studios,United States,2014,Game publishing arm of Oculus VR.
836,Oddworld Inhabitants,United States,1994,
837,Odin Computer Graphics,UK,1985,"Defunct in 1988, re-established in 2005."
838,Omega Force,Japan,1997,Division of Koei Tecmo Games
839,Opera Soft,Spain,1986,Defunct in 1992.
840,Orbital Media,Canada,2003,No longer publishes video games.
841,Origin Systems,United States,1983,Acquired by Electronic Arts in 1992 and closed in 2004
842,Orion Interactive,United States,1996,Defunct following acquisition by Metro-Goldwyn-Meyer in 1997.
843,OtherSide Entertainment,United States,2013,Founded by one of Looking Glass Studios founders.
844,Out of the Park Developments,Germany,1999,
845,Outfit7,Slovenia,2010,"Acquired by Zhejiang Jinke Entertainment Culture Co., Ltd. in 2017"
846,Outrage Entertainment,United States,1996,Closed in 2004
847,Overkill Software,Sweden,2009,Acquired by Starbreeze Studios in 2012
848,Oxygen Games,UK,2004,Also a video game developer.
849,Oxygen Studios,United Kingdom,2006,
850,OziSoft,Australia,1982,"Acquired by Infogrames in 1998, and Namco Bandai Games in 2009."
851,PF Magic,United States,1991,Acquired by Ubisoft in 1998.
852,Pacific Novelty,United States,1980,Last game published in 1983.
853,Pack-In-Video,Japan,1970,Acquired by Victor Entertainment in 1996; became Victor Interactive Software.
854,Page 44 Studios,United States,1998,Subsidiary of Zynga; closed in 2011.
855,Palace Software,UK,1983,Acquired by Titus Software in 1991.
856,Palette,Japan,2002,
857,Panasonic,Japan,1918,No longer publishes video games.
858,Panda Entertainment,Taiwan,1993,Last game published in 1997.
859,Pandemic Studios,United States,1998,Acquired by Electronic Arts in 2007 and closed in 2009.
860,Panesian Taiwan,Taiwan,1990,Publisher of eroge for the Family Computer and NES
861,Pangea Software,United States,1987,
862,Panther Games,Australia,1985,No longer publishes video games. Their games are now published by Lock 'n Load Publishing.
863,Panther Games Pty Ltd,Australia,1985,
864,Panther Software,Japan,1987,Last game published in 2004.
865,Papaya Studio,United States,1999,
866,Paradox Development Studio,Sweden,1995,In-house development studio and subsidiary of Paradox Interactive
867,Paradox Interactive,Sweden,1998,Also a video game developer.
868,Paragon Software,United States,1985,Defunct in 1992.
869,Parallax Software,United States,1993,Split into Volition and Outrage Entertainment
870,Parker Brothers,United States,1883,"Acquired by Hasbro in 1991, which continued to use it as a label on some video games until 1994."
871,Parsoft Interactive,United States,1991,Defunct in 2002.
872,Pendulo Studios,Spain,1993,
873,Penguin Software,United States,1978,
874,Pentavision,South Korea,2003,Division of Neowiz Games. Merged with GameOn Studios in 2012.
875,People Can Fly,Poland,2002,
876,Perfect World,China,2004,Developer/publisher
877,Personal Software Services,UK,1981,Acquired by Mirrorsoft in 1987.
878,Petit Ferret,Japan,2002,Defunct.
879,Petroglyph,United States,2003,
880,Petroglyph Games,US,2003,Also a video game developer.
881,Phantagram,South Korea,1994,Acquired by Blueside in 2010[27]
882,Phenomic Game Development,Germany,1997,Acquired by Electronic Arts in 2006; shut down in 2013
883,Philips,Netherlands,1891,No longer publishes video games.
884,Pi Studios,United States,2002,
885,Pionesoft,Japan,2003,Defunct in 2008.
886,Pipeworks Studios,United States,1999,Subsidiary of Northern Pacific Group
887,Piranha Bytes,Germany,1997,Acquired by THQ Nordic in 2019
888,Piranha Games,Canada,2000,Acquired by Enad Global 7 in 2020.[3]
889,Piranha Interactive Publishing,United States,1995,Defunct in 1999.
890,Pivotal Games,United Kingdom,2000,
891,Pixel Federation,Slovakia,2007,Developer/Publisher
892,PlatinumGames,Japan,2006,"Successor to Clover Studio, and founded by Shinji Mikami, Atsushi Inaba, and Hideki Kamiya."
893,PlayFirst,United States,2004,"Acquired by Glu Mobile in 2014; Casual game developer, publisher and portal"
894,Playdom,United States,2009,"Facebook, Myspace game developer Subsidiary of The Walt Disney Company; closed in 2016"
895,Playfish,United Kingdom,2007,"Facebook, Myspace game developer Acquired by Electronic Arts; closed in 2013"
896,Playground Games,United Kingdom,2009,Acquired by Microsoft Studios in 2018
897,"Playlogic Entertainment, Inc.",Amsterdam,2002,
898,Playmates Toys,United States,1966,
899,Polyphony Digital,Japan,1998,Division of SIE Worldwide Studios
900,Pony Canyon,Japan,1966,No longer publishes video games.
901,PopCap Games,United States,2000,"Casual game developer, publisher and portal; subsidiary of Electronic Arts since 2011"
902,Portkey Games,United Kingdom,2017,Label of Warner Bros. Interactive Entertainment. Focused on publishing games related to the Wizarding World franchise.
903,Positech Games,UK,1997,
904,Press Play,Denmark,2006,Former subsidiary of Microsoft Studios; defunct in March 2016
905,Presto Studios,United States,1991,Defunct in 2002.
906,PrincessSoft,Japan,2001,"Publishing label of Oaks Co., Ltd."
907,Prism Leisure Corporation,UK,1984,"Also published under the Addictive Games, Endurance Games, and Paxman Promotions labels. Defunct."
908,Private Division,US,2017,Label of Take-Two Interactive
909,Probe Software,UK,1984,Acquired by Acclaim Entertainment in 1999; defunct in 2004.
910,Programma International,United States,1978,Defunct in 1983.
911,Project Sora,Japan,2009,Subsidiary of Nintendo; became defunct in 2012
912,Project Soul,Japan,1996,Division of Bandai Namco Studios
913,Prototype,Japan,2006,
914,Psikyo,Japan,1992,Defunct in 2003; continued to be used a label until 2005.
915,Psygnosis,UK,1984,Also a video game developer.
916,Psyonix,United States,2001,Acquired by Epic Games in 2019
917,Psytronik Software,UK,1993,
918,Pulltop,Japan,2002,
919,Punch Entertainment,Vietnam,2005,"Subsidiary of Evolable Asia [ja]; Casual games, social games developer"
920,Purple Lamp Studios,Austria,2018,Acquired by Embracer Group in 2020.[18]
921,Purple Moon,United States,1997,Acquired by Mattel in 1999.
922,Purple software,Japan,1985,Label of JAST. Known as Purple until 1998.
923,Pyro Mobile,Spain,1996,Subsidiary of Zed Group; their assets were acquired by Kalypso Media[28]
924,Q Entertainment,Japan,2003,Acquired by Sanyo Kasei Seisakusho in 2013 and the parent company was defunct in 2018.
925,Q-Games,Japan,2001,
926,Quality Software,United States,1978,Defunct in 1984.
927,Quantic Dream,France,1997,
928,Quantum Axcess,United States,1994,Last game published c. 2003.
929,Quantum Quality Productions,United States,1991,Acquired by American Laser Games in 1994; defunct in 1995.
930,Quest Corporation,Japan,1988,The game development division was acquired by Square in 2002
931,Quicksilva,UK,1983,"Acquired by Argus Press Software in 1984, which used the Quicksilva name as a label until 1989."
932,QuinRose,Japan,2005,
933,Quintet,Japan,1987,Defunct in 2002.
934,Qute,Japan,1999,
935,R2Games,China,2010,
936,RTL Group,Luxembourg,1920,"Published under the RTL Playtainment label. Currently its subsidiary, BroadbandTV, publishes some mobile games."
937,Rabbit Software,UK,1982,Acquired by Virgin Games in 1985.
938,Radica Games,United States,1983,Acquired by Mattel in 2006.
939,Radical Entertainment,Canada,1991,Shut down by Activision and dissolved in 2013[29]
940,Rage Games,United Kingdom,1992,Defunct in 2003
941,Rage Software,UK,1992,Defunct in 2003.
942,Rainbird Software,UK,1986,"Label of Telecomsoft until 1989, and of MicroProse from then until its discontinuation in 1991."
943,Rainbow Arts,Germany,1984,Also a video game developer. Acquired by Funsoft and subsequently absorbed into THQ in 1999.
944,Rainbow Studios,United States,1996,"Acquired by THQ, later closed by THQ"
945,Random House,United States,1927,No longer publishes video games.
946,Rare,United Kingdom,1985,Successor to Ultimate Play the Game; second-party developer for Nintendo; turned; Acquired by Microsoft Studios in 2002 as a first-party developer
947,Raven Software,United States,1990,Acquired by Activision in 1997
948,Ravensburger Interactive,Germany,1883,Video game subsidiary of Ravensburger AG. Acquired by JoWooD Productions in 2002.
949,Raw Fury,Sweden,2015,
950,Raw Thrills,United States,2001,
951,Ready at Dawn,United States,2003,Formed by former members of Naughty Dog and Blizzard Entertainment. Acquired by Facebook in 2020.[30]
952,Reality Pump Studios,Poland,1995,Division of TopWare Interactive
953,Realtime Associates,United States,1986,
954,Realtime Worlds,United Kingdom,2002,Closed in 2010
955,Rebellion Developments,United Kingdom,1992,
956,Rebellion Warwick,United Kingdom,2013,Formed by former employees of Blitz Games Studios; acquired by Rebellion Developments in 2018
957,Red Ant Enterprises,Australia,2001,Local distributor for other publishers' games. Defunct in 2011.
958,Red Entertainment,Japan,"1976 (as the Red Company), 2000 (as Red Entertainment)",Developer/publisher; acquired by Oizumi Corporation [ja] in 2014
959,Red Orb Entertainment,United States,1997,"Label of Broderbund, and of Mindscape from 1998 onward. Defunct in 2001 following acquisition by Ubisoft."
960,Red Shift,England,1983,Defunct in 1985.
961,Red Storm Entertainment,United States,1996,Acquired by Ubisoft in 2000
962,Red Thread Games,Norway,2012,Founded by former employees of Funcom
963,RedLynx,Finland,2000,Subsidiary of Ubisoft
964,RedOctane,United States,1999,Acquired by Activision in 2006; defunct in 2010.
965,RedTribe (Tribalant),Australia,2003,
966,Reflexive Entertainment,United States,1997,Subsidiary of Amazon.com
967,Regista,Japan,2004,
968,Relic Entertainment,Canada,1997,Acquired by Sega in 2013
969,Remedy Entertainment,Finland,1995,
970,Renegade Software,UK,1991,Publishing arm of The Bitmap Brothers. Acquired by GT Interactive in 1997.
971,Renovation Products,United States,1990,Acquired by Sega
972,Respawn Entertainment,United States,2010,Acquired by Electronic Arts in 2017.
973,Reto-Moto,Denmark,2008,
974,Retro Studios,United States,1998,First-party developer and subsidiary of Nintendo
975,Revolution Software,United Kingdom,1990,
976,Richard Shepherd Software,UK,1982,Defunct in 1984.
977,Right Stuff,Japan,1990,Defunct in 1999.
978,Riot Games,United States,2006,Acquired by Tencent in 2011
979,Ripcord Games,United States,1996,Label of Panasonic Interactive Media until 1999. Stopped publishing video games in 2001. Defunct in 2009.
980,Rising Star Games,United Kingdom,2004,Acquired by Thunderful in 2018
981,Riverhillsoft,Japan,1982,Defunct in 2004.
982,Robinson Technologies,Japan,1989,
983,Robot Entertainment,United States,2009,
984,Rock-Ola,United States,1927,No longer publishes video games.
985,Rockstar Games,United States,1998,Also a video game developer. Currently a publishing label of Take-Two Interactive.
986,Rockstar GamesRockstar IndiaRockstar LeedsRockstar LincolnRockstar LondonRockstar New EnglandRockstar NorthRockstar San DiegoRockstar Toronto,United StatesIndiaUnited KingdomCanada,199820162004200220052008200220021999,Developer/publisher; owned by Take-Two Interactive
987,Rocksteady Studios,United Kingdom,2005,Subsidiary of Warner Bros. Interactive Entertainment
988,Romstar,United States,1984,Defunct in 1992.
989,Romtech,United States,1999,Defunct.
990,Rovio Entertainment,Finland,2003,"Publisher, developer and distributor"
991,Ruffian Games,United Kingdom,2008,
992,RuneSoft,Germany,2000,
993,Runic Games,United States,2008,Subsidiary of Perfect World; closed in 2017
994,Running with Scissors,United States,1997,
995,SCS Software,Czech Republic,1997,
996,SCi Games,UK,1988,Bought and merged with Eidos Interactive in 2005. Name retired.
997,SEGA Interactive R&D Division 1 (Sega AM1),Japan,1984,Division of SEGA Interactive
998,SEGA Interactive R&D Division 2 (Sega AM2),Japan,1985,"Division of SEGA Interactive, founded by Yu Suzuki"
999,SETA Corporation,Japan,1985,Defunct in 2009.
1000,SIE Worldwide Studios,"Japan, United States, Netherlands, United Kingdom",2005,A group of first-party development studios and subsidiaries owned by Sony Interactive Entertainment
1001,"SIMS Co., Ltd.",Japan,1991,
1002,SNK,Japan,2001,Acquired by 37Games in 2015; game hardware and software developer/publisher/manufacture
1003,SOFEL,Japan,1979,No longer publishes video games.
1004,Saber Interactive,United States,2001,Acquired by Embracer Group in 2020.[31]
1005,Safari Software,United States,1989,Acquired by Epic MegaGames in 1997.
1006,Saga Planets,Japan,1998,
1007,Sammy Studios,Japan,2004,"Merged with Sega as Sega Sammy Holdings,"
1008,Samsung,South Korea,1938,No longer publishes video games.
1009,San Diego Studio,United States,2001,Division of SIE Worldwide Studios
1010,San Mateo Studio (formerly Foster City Studio),United States,1998,Division of SIE Worldwide Studios; relocated from Foster City to San Mateo
1011,Sanctuary Woods,Canada,1988,Defunct in 2001.
1012,Sand Grain Studios,Romania,2002,Dissolved in 2009[32]
1013,Sandlot,Japan,2001,Formed by former employees of Human Entertainment
1014,Santa Monica Studio,United States,1999,Division of SIE Worldwide Studios
1015,Sanzaru Games,United States,2006,Acquired by Facebook in 2020.[33]
1016,"Scavenger, Inc.",United States,1996,Defunct in 1998.
1017,Schell Games,United States,2002,Developer and publisher
1018,Scholastic,United States,1920,Ceased publishing video games in 2007.
1019,Scopely,United States,2011,
1020,Sears,United States,1886,Published under the Tele-Games label. Exited the video game industry in 1983.
1021,Sega,"Japan,United States",1960,"Third-party (Formerly first-party) developer, publisher, and former console manufacturer; subsidiary of Sega Sammy Holdings"
1022,Sega AM3,Japan,1991,Division of Sega
1023,Sega CS Research and Development No. 2 (Sonic Team),Japan,1996,Division of SEGA Games
1024,Sega Sports R&D,Japan,1994,Division of Sega
1025,Seibu Kaihatsu,Japan,1982,Ceased publishing video games in 1998.
1026,Sensible Software,United Kingdom,1986,"Developer, studio closed and company acquired by Codemasters in 1999"
1027,Seven45 Studios,United States,2007,Game publishing arm of First Act. First Act was acquired by Jazwares in 2016.
1028,Shadow Tor Studios,UK,2005,
1029,Shanda,China,1999,Gaming unit spun off as Shanda Games (later Shengqu Games) in 2009.
1030,Sharp Corporation,Japan,1912,No longer publishes video games.
1031,Shengqu Games,China,1999,Acquired by Zhejiang Century Huatong in 2017
1032,Sherman3D,Malaysia,2003,
1033,Sherston Software,UK,1983,Defunct in 2011; now a label of Sherston Publishing Group.
1034,Shift,Japan,1996,
1035,Shin'en Multimedia,Germany,1999,
1036,Shoeisha,Japan,1986,No longer publishes video games.
1037,Shogakukan,Japan,1922,
1038,Sierra Entertainment,United States,1979,Subsidiary of Activision; internal development ceased in 1999; closed in 2004
1039,Silicon Beach Software,United States,1984,Acquired by Aldus in 1990.
1040,Silicon Knights,Canada,1992,Closed in 2014
1041,Silicon Studio,Japan,2000,They still develop game middlewares but their game contents division was sold to CREEK & RIVER.[34]
1042,Silmarils,France,1987,Defunct in 2003.
1043,Simon & Schuster Interactive,United States,1995,Defunct in 2003.
1044,Simtex,United States,1988,Closed in 1997
1045,Simulations Canada,Canada,1977,No longer publishes video games.
1046,Sinclair Research Ltd.,UK,1973,"Brand name sold to Amstrad in 1985, which continued to use it as a label until 1992."
1047,SingleTrac,United States,1994,Defunct in 2000
1048,Sir-Tech,United StatesCanada,1979,
1049,Sirius Software,United States,1980,Defunct in 1984.
1050,Slant Six Games,Canada,2005,Defunct in 2013
1051,Sledgehammer Games,United States,2009,Subsidiary of Activision
1052,Slightly Mad Studios,United Kingdom,2008,Acquired by Codemasters in 2019[35]
1053,Slipgate Ironworks,Denmark,2017,Formed by former employees of Interceptor Entertainment
1054,Slitherine,UK,2000,"Publisher of strategy and wargames on PC, Mac, mobile and home consoles."
1055,Slitherine Software,United Kingdom,2000,
1056,Smilegate,South Korea,2002,
1057,Snail,China,2000,
1058,Snapshot Games,Bulgaria,2013,Acquired by Embracer Group in 2020.[18]
1059,Snowblind Studios,United States,1997,Subsidiary of Warner Bros. Interactive Entertainment; defunct in 2012
1060,Sobee Studios,Turkey,2000,Merged into TTNET
1061,Soedesco,The Netherlands,2001,
1062,Soft-World,Taiwan,1983,
1063,SoftKey,United States,1978,"Known as Micro International Corp. until 1989, and as WordStar International Inc. until 1994. Changed name to The Learning Company in 1996; continued to use the SoftKey label on some software until 1999, when the company was acquired by Mattel."
1064,SoftSide,United States,1978,Defunct in 1984.
1065,Softape,United States,1978,Defunct in 1983.
1066,Softdisk,United States,1981,Defunct in 2016.
1067,Softek International Ltd,UK,1980,Defunct in 1989. Published some games under the label The Edge.
1068,Softstar,Taiwan,1988,
1069,Software 2000,Germany,1987,Closed in 2002
1070,Software Dynamics,Canada,1987,
1071,Software Projects,UK,1983,Defunct in 1985.
1072,Sony Imagesoft,United States,1989,Initially known as CSG Imagesoft. Defunct in 1995.
1073,Sony Interactive Entertainment,United States,1994,"First-party developer, publisher and console manufacturer"
1074,Sony Pictures Digital,United States,1997,Publisher of mobile phone games.
1075,Sora Ltd.,Japan,2005,
1076,SouthPeak Games,United States,1996,
1077,Spectral Associates,United States,1980,Published last game in 1988.
1078,Spectravideo,United States,1981,Published Atari 2600 games under the label Spectravision. Defunct in 1988.
1079,Spectrum HoloByte,United States,1983,Also a video game developer. Acquired by Hasbro Interactive.
1080,Spellbound Entertainment,Germany,1994,Closed in 2012
1081,Spiders,France,2008,Acquired by Bigben Interactive (latterly Nacon) in 2019[36]
1082,Spike,Japan,1991,Merged with Chunsoft to become Spike Chunsoft in 2012
1083,Spike Chunsoft,Japan,2012,The result of a merger between Spike and Chunsoft and is owned by Dwango
1084,Spil Games,Netherlands,2001,Web game developer/publisher. Acquired by Azerion.[37][38]
1085,Spinnaker Software,United States,1982,Acquired by The Learning Company in 1994.
1086,Splash Damage,United Kingdom,2001,Acqured by Leyou in 2016 and then acquired by Tencent in 2020
1087,Sproing Interactive Media,Austria,2001,Defunct in 2017; their assets were acquired by Purple Lamp Studios
1088,Squad,Mexico,2009,
1089,Square,Japan,1986,Also a video game developer. Merged with Enix to create Square Enix.
1090,Square Electronic Arts,United States,1998,Owned by Square and Electronic Arts. Folded back into Square and changed to Square Enix.
1091,Square Enix,Japan,1975,Developer/publisher; previously known as Square Co. and Enix
1092,Square Enix Europe,UK,1990,"Also a video game developer. Acquired by SCi Games in 2005, then by Square Enix in 2009. Formerly known as Eidos Interactive until 2009."
1093,Stainless Games,United Kingdom,1993,
1094,Stainless Steel Studios,United States,1998,Closed in 2005
1095,Starbreeze Studios,Sweden,1998,
1096,Stardock,United States,1991,Developer/publisher
1097,Starpath,United States,1981,Defunct in 1984.
1098,Stern Electronics,United States,1977,Ceased video game production in 1985.
1099,Sting Entertainment,Japan,1989,
1100,Stoic Studio,United States,2011,Founded by former employees of BioWare
1101,Storm Impact,United States,1989,Defunct in 1997.
1102,StormRegion,Hungary,2001,Acquired by 10tacle Studios AG in 2007 and then defunct in 2008
1103,Stormfront Studios,United States,1988,Defunct in 2008.
1104,Strategic Simulations,United States,1979,Closed in 1994
1105,Strategic Simulations (SSI),United States,1979,"Also a video game developer Acquired by Ubisoft, name retired."
1106,Strategic Studies Group,Australia,1983,No longer publishes video games. Their games are now published by Matrix Games.
1107,Strategy First,Canada,1988,
1108,Strawdog Studios,United Kingdom,2003,
1109,Straylight Studios,New Zealand,2004,Closed in 2009
1110,Streamline Studios,Malaysia,2001,
1111,Studio Liverpool,United Kingdom,1984,"Former Division of SIE Worldwide Studios; shut down by Sony on August 22, 2012"
1112,Studio Wildcard,United States,2014,
1113,Studio e.go!,Japan,1998,Defunct in 2009.
1114,Sublogic,United States,1975,Acquired by Sierra in 1995.
1115,Success,Japan,1978,
1116,Sucker Punch Productions,United States,1997,Division of SIE Worldwide Studios since 2011
1117,Sumo Digital,United Kingdom,2003,
1118,Sunflowers Interactive Entertainment Software,Germany,1993,Acquired by Ubisoft in 2007.
1119,Sunrise Interactive,Japan,1998,Defunct in 2008.
1120,Sunsoft,Japan,1981,"Closed U.S. offices, operates out of Japan."
1121,Sunstorm Interactive,United States,1995,Defunct in 2003
1122,Super Fighter Team,United States,2004,
1123,SuperVillain Studios,United States,2004,acquired by Nicalis in 2017
1124,Supercell,Finland,2010,Subsidiary of Tencent
1125,Superior Software,UK,1982,
1126,Supermassive Games,United Kingdom,2008,
1127,Supersoft,UK,1978,Ceased publishing video games in 1985.
1128,Survios,United States,2013,
1129,Suzy Soft,Croatia,1985,Software division of Suzy Records. Defunct in 1988.
1130,Swingin' Ape Studios,United States,2000,Acquired by Blizzard Entertainment
1131,Sydney Development Corporation,Canada,1978,Defunct in 1989.
1132,Syn Sophia,Japan,1995,
1133,Synapse Software,California,1981,Purchased by Broderbund in 1984. Defunct in 1986.
1134,Synergistic Software,United States,1978,Acquired by Sierra in 1996; defunct in 1999.
1135,System 3,UK,1982,Also a video game developer.
1136,System Sacom,Japan,1981,No longer publishes video games.
1137,SystemSoft,Japan,1985,No longer publishes video games.
1138,SystemSoft Beta,Japan,1999,"Subsidiary of Nippon Ichi Software, successor of SystemSoft Alpha[39]"
1139,T&E Soft,Japan,1982,Merged into Spike Chunsoft in 2013
1140,TDK Mediactive,United States,1990,American software publishing arm of TDK. Defunct in 2003.
1141,THQ,United States,1989,"Developer/publisher; defunct in 2013; their assets were acquired by Nordic Games, 505 Games, or Gearbox Software[41]"
1142,THQ Nordic,AustriaSweden,2011,Developer/publisher
1143,TT Games,UK,2005,Also a video game developer. Merger of Giant Interactive Entertainment and Traveller's Tales. Acquired by Warner Bros. Interactive.
1144,Tactics,Japan,1997,"Acquired by Nexton in 1999, which has continued to use the Tactics brand on some games."
1145,Tag Games,United Kingdom,2006,
1146,Taito,Japan,1953,Developer/publisher; acquired by Square Enix
1147,Takara,Japan,1955,Merged with Tomy in 2006.
1148,Take-Two Interactive,United States,1993,"Also owns publishers Rockstar Games, 2K Games (2K Sports), and Private Division. Also a video game developer."
1149,TaleWorlds Entertainment,Turkey,2005,
1150,TalonSoft,United States,1995,"Also a video game developer. Acquired by Take-Two Interactive, name retired."
1151,Tamsoft,Japan,1992,
1152,Tandy Corporation,United States,1919,Ceased publishing games in 1989.
1153,Tango Gameworks,Japan,2010,"Acquired by ZeniMax Media in 2010, and founded by Shinji Mikami."
1154,Tantalus Media,Australia,1994,
1155,Tantrumedia,United Kingdom,2003,
1156,Tarsier Studios,Sweden,2004,Acquired by Embracer Group in 2019.[40]
1157,Tate Multimedia,Poland,2002,
1158,Taxan,Japan,1981,No longer publishes video games.
1159,Team Bondi,Australia,2003,Closed in 2011
1160,Team Ico,Japan,1997,Division of Japan Studio; Their staffs moved to genDESIGN [ja]
1161,Team Ninja,Japan,1995,Division of Koei Tecmo Games; formerly a division of Tecmo
1162,Team Shanghai Alice,Japan,1996,
1163,Team17,United Kingdom,1990,
1164,TecMagik,United States,1991,Also a video game developer.
1165,Techland,Poland,1991,Developer/publisher
1166,Technical Group Laboratory,Japan,1984,Also known as TGL.
1167,Technology and Entertainment Software,Japan,1982,Also known as T&E Soft. Ceased publishing video games in 2002.
1168,Technos Japan,Japan,1981,Also a video game developer. Assets acquired by Atlus.
1169,Technosoft,Japan,1980,Acquired by Twenty-one Company in 2001.
1170,Tecmo,Japan,1967,Tecmo and Koei co-founded Koei Tecmo Holdings in 2009 and Tecmo was merged into Koei Tecmo Games in 2010
1171,Tectoy,Brazil,1987,
1172,Telarium,United States,1984,Defunct in 1987.
1173,Telenet Japan,Japan,1983,Defunct in 2007.
1174,Telesys,United States,1982,Defunct in 1984.
1175,Telltale Games,United States,2004,Founded by former employees of LucasArts
1176,Tencent,China,1998,"Developer, publisher, online services company"
1177,Tencent Games,China,2003,Division of Tencent Interactive Entertainment
1178,Tengen,United States,1987,Console publishing arm of Atari Games. Folded into Time Warner Interactive in 1994.
1179,Tequila Works,Spain,2009,
1180,Terminal Reality,United States,1994,Closed in 2013
1181,Tetris Online,United States,2006,Closed in 2019
1182,Texas Instruments,United States,1930,Exited the video game industry in 1984.
1183,Teyon,Poland,2006,
1184,Thalamus Ltd,UK,1986,Defunct in 1993.
1185,Thalion Software,Germany,1988,Defunct in 1994.
1186,Thatgamecompany,United States,2006,
1187,The 3DO Company,United States,1991,Also a video game and video game console developer.
1188,The Adventure Company,Canada,2002,"Label of DreamCatcher Interactive until 2006, of JoWooD Productions Software from then until 2011, and of Nordic Games since then."
1189,The Bitmap Brothers,United Kingdom,1987,Dissolved.[4][5] Their portfolio was acquired by Rebellion Developments in 2019.[6]
1190,The Chinese Room,United Kingdom,2007,Subsidiary of Sumo Digital
1191,The Coalition,Canada,2010,Subsidiary of Microsoft Studios
1192,The Coca-Cola Company,Georgia,1886,No longer publishes video games.
1193,The Dovetail Group,United States,c. 1984,Early developer of music video games
1194,The Elektrik Keyboard,United States,1978,Stopped publishing video games in 1979.
1195,The Farm 51,Poland,2005,
1196,The Fourth Dimension,UK,1989,Also known as The 4th Dimension or 4D. Defunct in 2004.
1197,The Game Factory,Denmark,2004,Defunct.
1198,The Initiative,United States,2018,Subsidiary of Microsoft Studios
1199,The Learning Company,United States,1980,"Merged with Mattel Interactive, no longer publishes video games"
1200,The Pokémon Company,Japan,1998,"Joint venture between Game Freak, Nintendo, and Creatures"
1201,The Vision Factory,The Netherlands,1993,Defunct in 2002.
1202,The9,China,1999,Former regional publisher for World of Warcraft in China
1203,Thin Chen Enterprise,Taiwan,1988,"Also used the labels Sachen, Commin, and Joy Van. Defunct."
1204,Thinking Rabbit,Japan,1982,Defunct.
1205,Thorn EMI Computer Software,UK,1981,Software publishing arm of Thorn EMI. Spun off and reestablished as Creative Sparks in 1984.
1206,Three Fields Entertainment,United Kingdom,2014,Founded by the founders of Criterion Games
1207,Three Rings Design,United States,2001,
1208,Three-Sixty Pacific,United States,1987,Defunct in 1994.
1209,TiMi Studios,China,2008,Subsidiary of Tencent Games
1210,Tiertex Design Studios,UK,1987,Last game published in 2003.
1211,Tiger Electronics,United States,1978,Also a video game developer. Acquired by Hasbro in 1998.
1212,Time Warner Interactive,United States,1993,Merged into Midway Games West in 1996.
1213,TimeGate Studios,United States,1998,
1214,Titus Interactive,France,1985,
1215,Toaplan,Japan,1984,Developer of arcade games; went bankrupt and closed in 1994
1216,ToeJam & Earl Productions,United States,1989 (as Johnson Voorsanger Productions),Founded by Mark Voorsanger and Greg Johnson; became defunct in 2003
1217,Toei Animation,Japan,1956,
1218,Toho,Japan,1932,No longer publishes video games.
1219,Tokuma Shoten,Japan,1954,No longer publishes video games.
1220,Tokyo RPG Factory,Japan,2014,Subsidiary of Square Enix
1221,Tokyo Shoseki,Japan,1909,No longer publishes video games.
1222,Tommo,California,1990,
1223,Tomy (Takara Tomy),Japan,1924,Merged with Takara in 2006.
1224,Tonkin House,Japan,1986,Defunct in 2008.
1225,TopWare Interactive,Germany,1995,Publisher (developing in Reality Pump Studios division)
1226,Topo Soft,Spain,1987,Defunct in 1994.
1227,Topologika,UK,1983,Defunct in 2013.
1228,Torpex Games,United States,2005,
1229,Torus Games,Australia,1994,
1230,Tose,Japan,1979,
1231,Toshiba EMI,Japan,1960,Defunct in 2013.
1232,Towa Chiki,Japan,1986,Defunct in 2001.
1233,Toys for Bob,United States,1989,Subsidiary of Activision
1234,Tradewest,United States,1986,"Acquired by Midway Games, name retired."
1235,Transmission Games,Australia,1996,Closed in 2009
1236,Trapdoor,Canada,2010,
1237,Traveller's Tales,United Kingdom,1990,Subsidiary of TT Games
1238,Treasure,Japan,1992,
1239,Treco,California,1990,Defunct in 1993.
1240,Treyarch,United States,1996,Acquired by Activision in 2001.
1241,Tri Synergy,United States,1996,
1242,Triangle Service,Japan,2002,
1243,Triffix Entertainment,Canada,1991,Last game published in 1992.
1244,Trilobyte Software,United States,1990,"Defunct in 1999, re-established in 2010."
1245,Trion Worlds,United States,2006,Defunct in 2018; their assets were acquired by Gamigo [de][42]
1246,Tripwire Interactive,United States,2005,
1247,Triumph Studios,Netherlands,1997,Acquired by Paradox Interactive
1248,Tru Blu Entertainment,Australia,1999,
1249,Tsunami Games,United States,1991,Sold to Tsunami Media Corporation in 1999.
1250,Turn 10 Studios,United States,2001,Subsidiary of Microsoft Studios
1251,Turtle Rock Studios,United States,2002,
1252,Twilight Frontier,Japan,2002,
1253,Two Point Studios,United Kingdom,2016,Formed by former employees of Lionhead Studios; acquired by Sega in 2019
1254,Two Tribes,Netherlands,2000,
1255,Tynesoft,UK,1983,Exited the video game industry in 1991.
1256,Type-Moon,Japan,2000,
1257,Typhoon Games (HK),China,2001,Subsidiary of Typhoon Entertainment (Asia)
1258,U.S. Gold,UK,1984,Also a video game developer. Acquired by Eidos Interactive.
1259,UEP Systems,Japan,1985,Defunct in 2001
1260,UFO Interactive Games,California,1999,Label of Tommo.
1261,US Games,United States,1978,Acquired by Quaker Oats in 1982. Defunct in 1983.
1262,Ubisoft,France,1986,Developer/publisher
1263,Ubisoft Blue Byte,Germany,1988,Acquired by Ubisoft
1264,Ubisoft Reflections,United Kingdom,1984,Acquired by Ubisoft
1265,Ultimate Play the Game,United Kingdom,1982,Predecessor to Rare; Defunct in 1988
1266,Ultra Games,United States,1988,Shell company and publishing label for Konami. Name retired in 1992.
1267,Ultrasoft,Slovakia,1989,Defunct in 1998.
1268,Undead Labs,United States,2009,Acquired by Microsoft Studios in 2018
1269,United Front Games,Canada,2006,Defunct in 2016
1270,United Game Artists,Japan,1996,Subsidiary of Sega
1271,United States Army,United States,1775,
1272,Universal Entertainment Corporation,Japan,1969,
1273,Universomo,Finland,2002,Defunct in 2010
1274,UserJoy Technology,Taiwan,1995,
1275,VAP,Japan,1981,No longer publishes video games.
1276,VEB Polytechnik,Germany,1870,Defunct in 2006.
1277,Valcon Games,United States,2005,No longer active.
1278,Valve,United States,1996,"Developer, publisher and distributor"
1279,Vanillaware,Japan,2002,
1280,Vanpool,Japan,1999,Formed by former employees of Love-de-Lic
1281,Varie,Japan,1986,Defunct in 1997.
1282,Vectorbeam,United States,1978,Acquired by Cinematronics in 1980.
1283,Venan Entertainment,United States,2002,Their assets were acquired by Megaspace Industries.
1284,Viacom,United States,1952,Published video games under the Viacom New Media label. Company split in 2005.
1285,Vic Tokai,Japan,1977,No longer publishes video games.
1286,Vicarious Visions,United States,1990,Acquired by Activision in 2004.
1287,Victor Interactive,Japan,1970,Subsidiary of JVC. Merged with Pack-In-Video in 1996. Acquired by Marvelous Entertainment in 2003; defunct in 2007.
1288,Vigil Games,United States,2005,Subsidiary of THQ; defunct in 2013
1289,Virgin Interactive,UK,1983,"Also a video game developer. Known as Virgin Games until 1993. American branch acquired and closed by Electronic Arts in 1998, European branch acquired by Titus Software in 1999, and re-branded to Avalon Interactive in 2003. Stopped publishing games after 2002."
1290,Virgin Play,Spain,1995,Known as Virgin Interactive Espana SA until 2002. Filed for liquidation in 2009.
1291,Virtual Heroes,United States,2004,
1292,Virtual Programming,UK,2000,
1293,Virtuos,Singapore,2004,
1294,Visceral Games,United States,1998,"Formerly known as EA Redwood Shores, former in-house development studio and subsidiary of Electronic Arts, closed in 2017."
1295,Visco Corporation,Japan,1982,No longer publishes video games.
1296,Visual Concepts,United States,1988,Subsidiary of 2K Sports
1297,VisualArt's,Japan,1991,
1298,Vivarium Inc.,Japan,1993,"Previously known as OPeNBooK Co., Ltd."
1299,Vivendi Games,California United States,1993,Merged with Activision to form Activision Blizzard in 2008.
1300,Vortex Software,UK,1981,Defunct in 1990.
1301,Vostok Games,Ukraine,2012,"Vostok Games was founded in March 2012 by former employees of GSC Game World, following that firm's closing"
1302,VoxelStorm,United Kingdom,2012,
1303,Vulcan Software,UK,1994,
1304,WARP,Japan,1994,"Exited the video game industry in 1999, defunct in 2005."
1305,WB Games - Avalanche (formerly Avalanche Software),United States,1995,Subsidiary of Disney Interactive Studios; defunct in 2016Relaunched by Warner Bros. in 2017.
1306,WB Games Boston (formerly Turbine),United States,1994,Subsidiary of Warner Bros. Interactive Entertainment
1307,Wahoo Studios,United States,2001,
1308,Wales Interactive,UK,2012,Also a video game developer.
1309,Walnut Creek CDROM,United States,1991,Merged with Berkeley Software Design in 2000.
1310,Wanadoo Edition,France,2000,Software publishing arm of Wanadoo. Defunct in 2003.
1311,Warashi,Japan,1995,
1312,Wargaming,CyprusBelarus,1998,Developer/publisher
1313,Wargaming Saint Petersburg,Russia,1991,Subsidiary of Wargaming
1314,Wargaming Seattle,United States,1998,Subsidiary of Wargaming
1315,Warhorse Studios,Czech Republic,2011,Acquired by Koch Media in 2019
1316,Warner Bros. Interactive,United States,1993,Also publishes under the Portkey Games label.
1317,Warner Bros. Interactive Entertainment,United States,1988,Division of Warner Bros. Entertainment which is a subsidiary of WarnerMedia
1318,WeMade,South Korea,2000,
1319,Webfoot Technologies,United States,1993,Creators of many Dragon Ball Z games for Atari; specializes in Nintendo platforms
1320,Webzen,South Korea,2000,Also a video game developer.
1321,Westone Bit Entertainment,Japan,1986,Bankrupt and became defunct in 2014
1322,Westwood Studios,United States,1985,Acquired by Electronic Arts in 1998 and closed in 2003.
1323,Wideload Games,United States,2003,Subsidiary of Disney Interactive Studios; closed in 2014
1324,WildTangent,United States,1998,Acquired by Gamigo AG [de] in 2019.
1325,Wildfire Studios,Australia,1995,
1326,Williams Electronics,United States,1943,Exited the video game industry in 1998.
1327,Windham Classics,United States,1984,Published last game in 1985.
1328,Windmill,Japan,2002,Publishes under the Windmill Oasis label.
1329,Windmill Software,Canada,1982,Defunct in 1984.
1330,Winkysoft,Japan,1983,Defunct in 2015.
1331,Wisdom Tree,United States,1989,Known for Christian-themed games.
1332,WizardWorks,United States,1990,Acquired by GT Interactive in 1996. Defunct in 2004.
1333,Wizet studio (Nexon development 1st division),South Korea,1999,Acquired by Nexon and became to its division
1334,Wolf Team,Japan,1986,Acquired by Namco in 2003.
1335,Wolfire Games,United States,2003,
1336,Working Designs,United States,1986,Specialized in the localization of Japan-native RPGs.
1337,World Forge,Russia,2004,Founded by Burut Creative Team employees.
1338,XPEC Entertainment,Taiwan,2000,Developer/publisher
1339,XS Games,United States,2002,
1340,XSEED Games,United States,2005,
1341,Xbox Game Studios,United States,2002,"First-party developer, publisher, and console manufacturer; established as Microsoft Game Studios"
1342,Xicat Interactive,United States,1997,Defunct in 2005.
1343,Xonox,United States,1983,Defunct in 1984.
1344,Yager Development,Germany,1999,
1345,Yeti,Japan,2005,
1346,Yojigen,Japan,1994,Defunct.
1347,Yonezawa PR21,Japan,1988,Also known as Party Room 21. Acquired by Sega in 1994; defunct in 1998.
1348,Yuke's,Japan,1993,
1349,Yutaka,Japan,1990,Defunct in 2003 following merger with Popy.
1350,ZAPiT Games,Canada,2003,Defunct.
1351,Zaccaria,Italy,1974,Defunct in 1988.
1352,Zen Studios,Hungary,2003,Acquired by Embracer Group in 2020.[18]
1353,ZeniMax Media,United States,1999,Also owns publisher Bethesda Softworks. Acquired by Microsoft in 2020
1354,ZeniMax Online Studios,United States,2007,Subsidiary of ZeniMax Media Inc
1355,Zenobi,UK,1982,
1356,Zeppelin Games,UK,1987,"Acquired by Merit Studios Inc. in 1994 and renamed to Merit Studios Europe. Subsequently, regained independence in 1996 and reestablished itself as Eutechnyx. No longer publishes its own games."
1357,Zigurat,Spain,1986,Published last game in 1992.
1358,Zimag,United States,1982,Publishing label of Magnetic Tape International. Defunct in 1983.
1359,Zipper Interactive,United States,1995,Shut down in 2012 by Sony Computer Entertainment
1360,Zombie Studios,United States,1994,
1361,Zoom,Japan,1988,
1362,ZootFly,Slovenia,2002,Acquired by Elektroncek
1363,Zushi Games,UK,1999,
1364,Zuxxez Entertainment,Germany,2001,Acquired TopWare Interactive in 2001. Renamed itself to TopWare Interactive in 2005. Name retired.
1365,Zynga,United States,2007,Social network game developer.
1366,dB-SOFT,Japan,1980,Defunct in 2001.
1367,devCAT Studios (Nexon development 3rd division),South Korea,2001,Division of Nexon Korea
1368,eGames,United States,1992,Published games under the Cinemaware Marquee label. Acquired by Tamino Minerals in 2012.
1369,feelplus,Japan,1992,Merged into AQ Interactive
1370,h.a.n.d.,Japan,1993,
1371,iQue,China,2002,Joint venture between Wei Yen and Nintendo.
1372,id Software,United States,1991,"Acquired by ZeniMax Media on June 24, 2009"
1373,inXile Entertainment,United States,2002,Founded by one of Interplay Entertainment founders; acquired by Microsoft Studios in 2018
1374,index+,France,1992,Merged with France Telecom Multimedia in 2000 to become Wanadoo Edition.
1375,indiePub Entertainment,United States,2008,
1376,indieszero,Japan,1997,
1377,magnussoft,Germany,1984,
1378,miHoYo,China,2012,"Developer and publisher; founded by Cai Haoyu, Liu Wei, and Luo Yuhao, three former students from Shanghai Jiao Tong University"
1379,n-Space,United States,1994,
1380,reLINE Software,Germany,1987,Defunct in 2004.
1381,skip Ltd.,Japan,2000,Formed by former employees of Love-de-Lic
1382,tri-Ace,Japan,1995,Acquired by Nepro Japan (currently NJ Holdings [ja]) in 2015
1383,tri-Crescendo,Japan,1999,
1384,Âge,Japan,1999,"Division of Acid Co., Ltd."
